film_id,nat_title,character_id,person_id,ch_age,ch_gender,ch_sexuality,ch_porigin,ch_class,ch_profession,ch_ability,,,,,,,,,,,,,,,
ES2021_001,¡A todo tren! Destino Asturias,ES2021_001_01,TBD,1,M,HE,,MC,EM,AB,,,,,,,,,,,,,,,
ES2021_001,¡A todo tren! Destino Asturias,ES2021_001_02,TBD,3,M,HE,,MC,RE,AB,,,,,,,,,,,,,,,
ES2021_002,Way Down,ES2021_002_01,TBD,2,M,,,,SE,AB,,,,,,,,,,,,,,,
ES2021_002,Way Down,ES2021_002_02,TBD,2,M,,,MC,EM,AB,,,,,,,,,,,,,,,
ES2021_002,Way Down,ES2021_002_02,TBD,4,M,,,UC,EM,,,,,,,,,,,,,,,,
ES2021_002,Way Down,ES2021_002_02,TBD,2,F,,,,,,,,,,,,,,,,,,,,
ES2021_003,Maixabel,ES2021_003_01,TBD,2,F,HE,,MC,EM,AB,,,,,,,,,,,,,,,
ES2021_003,Maixabel,ES2021_003_02,TBD,3,F,HE,,LM,RE,AB,,,,,,,,,,,,,,,
ES2021_004,La familia perfecta,ES2021_004_01,TBD,2,F,HE,,UC,,AB,,,,,,,,,,,,,,,
ES2021_004,La familia perfecta,ES2021_004_02,TBD,2,M,HE,,UC,,AB,,,,,,,,,,,,,,,
ES2021_004,La familia perfecta,ES2021_004_03,TBD,2,M,HE,,LM,,AB,,,,,,,,,,,,,,,
ES2021_005,García y García,ES2021_005_01,,1,M,HE,,UM,EM,AB,,,,,,,,,,,,,,,
ES2021_005,García y García,ES2021_005_02,,1,M,HE,,LM,EM,AB,,,,,,,,,,,,,,,
ES2021_005,García y García,ES2021_005_03,,2,M,,,,EM,AB,,,,,,,,,,,,,,,
ES2021_005,García y García,ES2021_005_04,,3,M,,,,,,,,,,,,,,,,,,,,
ES2021_005,García y García,ES2021_005_05,,1,M,,,LM,EM,AB,,,,,,,,,,,,,,,
ES2021_006,Mediterráneo,ES2021_006_01,,2,M,HE,,MC,SE,AB,,,,,,,,,,,,,,,
ES2021_006,Mediterráneo,ES2021_006_02,,2,M,,,MC,,AB,,,,,,,,,,,,,,,
ES2021_007,Libertad,ES2021_007_01,,4,F,HE,,UM,RE,PD,,,,,,,,,,,,,,,
ES2021_008,La vida era eso,ES2021_008_01,,3,F,HE,,LC,,AB,,,,,,,,,,,,,,,
ES2021_008,La vida era eso,ES2021_008_02,,3,M,HE,,,,AB,,,,,,,,,,,,,,,
ES2021_009,La abuela,ES2021_009_02,,4,F,HE,,UM,RE,PD,,,,,,,,,,,,,,,
ES2021_009,La abuela,ES2021_009_02,,3,F,,,,,,,,,,,,,,,,,,,,
ES2021_009,La abuela,ES2021_009_02,,2,F,,,,,,,,,,,,,,,,,,,,
ES2021_010,El Cover,ES2021_010_01,,2,F,,,LM,,AB,,,,,,,,,,,,,,,
ES2021_010,El Cover,ES2021_010_02,,3,M,,,LC,,AB,,,,,,,,,,,,,,,
ES2021_010,El Cover,ES2021_010_03,,3,F,,,LM,,AB,,,,,,,,,,,,,,,
ES2021_011,El sustituto,ES2021_011_01,,2,M,,,MC,EM,AB,,,,,,,,,,,,,,,
ES2021_011,El sustituto,ES2021_011_02,,2,M,,,UM,EM,AB,,,,,,,,,,,,,,,
ES2021_011,El sustituto,ES2021_011_03,,2,M,,,,,,,,,,,,,,,,,,,,
ES2021_011,El sustituto,ES2021_011_04,,3,F,HE,,MC,RE,AB,,,,,,,,,,,,,,,
ES2021_011,El sustituto,ES2021_011_05,,3,F,,,,,,,,,,,,,,,,,,,,
ES2021_012,Sis dies corrents,ES2021_012_01,,2,M,HE,,LC,EM,AB,,,,,,,,,,,,,,,
ES2021_013,Un efecto óptico,ES2021_013_01,,2,F,HE,,LM,SE,AB,,,,,,,,,,,,,,,
ES2021_013,Un efecto óptico,ES2021_013_02,,2,M,HE,,LM,SE,AB,,,,,,,,,,,,,,,
ES2021_013,Un efecto óptico,ES2021_013_03,,4,F,HE,,LM,RE,AB,,,,,,,,,,,,,,,
ES2021_017,Poliamor para principiantes,ES2021_017_01,,2,M,HE,,MC,SE,AB,,,,,,,,,,,,,,,
ES2021_019,El lodo,ES2021_019_01,,3,F,,,UC,SE,AB,,,,,,,,,,,,,,,
ES2021_019,El lodo,ES2021_019_02,,2,M,,,MC,EM,AB,,,,,,,,,,,,,,,
ES2021_019,El lodo,ES2021_019_03,,3,M,,,,EM,AB,,,,,,,,,,,,,,,
ES2021_021,Las consecuencias,ES2021_021_01,,3,F,,,,,AB,,,,,,,,,,,,,,,
ES2021_021,Las consecuencias,ES2021_021_02,,4,M,,,,,TD,,,,,,,,,,,,,,,
ES2021_021,Las consecuencias,ES2021_021_03,,2,M,HE,,,,AB,,,,,,,,,,,,,,,
ES2021_022,Nora,ES2021_022_01,,4,M,HE,,LM,RE,TD,,,,,,,,,,,,,,,
ES2021_022,Nora,ES2021_022_01,,3,M,,,,,,,,,,,,,,,,,,,,
ES2021_028,La ley del embudo,ES2021_028_01,,3,M,HE,,UC,SE,AB,,,,,,,,,,,,,,,
ES2021_028,La ley del embudo,ES2021_028_02,,3,M,,,UC,EM,AB,,,,,,,,,,,,,,,
ES2021_028,La ley del embudo,ES2021_028_03,,3,M,,,,EM,AB,,,,,,,,,,,,,,,
ES2021_029,Occidente,ES2021_029_01,,3,M,,,LC,SE,AB,,,,,,,,,,,,,,,
ES2021_030,Retrato de mujer blanca con pelo cano y arrugas,ES2021_030_01,,2,F,,,UM,RE,AB,,,,,,,,,,,,,,,
ES2021_030,Retrato de mujer blanca con pelo cano y arrugas,ES2021_030_02,,2,M,HE,,UM,,AB,,,,,,,,,,,,,,,
ES2021_030,Retrato de mujer blanca con pelo cano y arrugas,ES2021_030_03,,2,F,HE,,UM,,AB,,,,,,,,,,,,,,,
ES2021_030,Retrato de mujer blanca con pelo cano y arrugas,ES2021_030_04,,3,F,,,UM,RE,PD,,,,,,,,,,,,,,,
ES2021_032,Tristesse,ES2021_032_01,,2,M,,,UM,UN,AB,,,,,,,,,,,,,,,
ES2021_032,Tristesse,ES2021_030_02,,2,M,,,UM,SE,AB,,,,,,,,,,,,,,,
IT2021_001,Lei mi parla ancora,IT2021_001_01,Renato Pozzetto,4,M,HE,WWE,UM,RE,PD,,,,,,,,,,,,,,,
IT2021_005,Il cattivo poeta,IT2021_005_01,Sergio Castellitto,3,M,HE,WWE,UC,SE,PD,,,,,,,,,,,,,,,
IT2021_009,School of mafia,IT2021_009_01,Emilio Solfrizzi,2,M,HE,WWE,LM,SE,AB,,,,,,,,,,,,,,,
IT2021_011,Boys,IT2021_011_01,Neri Marcoré,3,M,HE,WWE,MC,SE,AB,,,,,,,,,,,,,,,
IT2021_011,Boys,IT2021_011_02,Giovanni Storti,3,M,HE,WWE,MC,SE,AB,,,,,,,,,,,,,,,
IT2021_011,Boys,IT2021_011_03,Marco Paolini,3,M,HE,WWE,MC,SE,AB,,,,,,,,,,,,,,,
IT2021_011,Boys,IT2021_011_04,Giorgio Tirabassi,3,M,HE,WWE,MC,SE,AB,,,,,,,,,,,,,,,
IT2021_014,Occhi blu,IT2021_014_01,Valeria Golino,2,F, ,WWE,MC,EM,AB,,,,,,,,,,,,,,,
IT2021_019,Il mostro della cripta,IT2021_019_01,Pasquale Lillo Petrolo,2,M, ,WWE,LM,SE,AB,,,,,,,,,,,,,,,
IT2021_020,Free - liberi,IT2021_020_01,Sandra Milo,4,F,HE,WEE,MC,RE,AB,,,,,,,,,,,,,,,
IT2021_020,Free - liberi,IT2021_020_02,Ivano Marescotti,4,M,HE,WWE,MC,RE,AB,,,,,,,,,,,,,,,
IT2021_020,Free - liberi,IT2021_020_03,Enzo Salvi,2,M,HE,WWE,MC,EM,AB,,,,,,,,,,,,,,,
IT2021_020,Free - liberi,IT2021_020_04,Corinne Cléry,3,F,HE,WWE,MC,RE,age-rel chronic illness,,,,,,,,,,,,,,,
IT2021_020,Free - liberi,IT2021_020_05,Babak Karimi,3,M,HE,MiddleEast,MC,RE,AB,,,,,,,,,,,,,,,
IT2021_020,Free - liberi,IT2021_020_06,Antonio Catania,3,M,HE,WEE,LM,SE,AB,,,,,,,,,,,,,,,
IT2021_022,Qui rido io,IT2021_022_01,Toni Servillo,2,M,HE,WWE,LM,SE,AB,,,,,,,,,,,,,,,
IT2021_025,Il silenzio grande,IT2021_025_01,Margherita Buy,2,F,HE,WWE,UM,UN,AB,,,,,,,,,,,,,,,
IT2021_028,Il buco,IT2021_028_01,Nicola Lanza,3,M, ,WWE,LC,SE,AB,,,,,,,,,,,,,,,
IT2021_029,Sulla giostra,IT2021_029_01,Lucia Sardo,3,F,HE,WWE,LM,EM,AB,,,,,,,,,,,,,,,
IT2021_032,Ai confini del male,IT2021_032_01,Massimo Popolizio,2,M,HE,WWE,MC,EM,AB,,,,,,,,,,,,,,,
IT2021_033,Con tutto il cuore,IT2021_033_01,Vincenzo Salemme,2,M,HE,WWE,MC,EM,chronic illness,,,,,,,,,,,,,,,
IT2021_034,Il materiale emotivo,IT2021_034_01,Sergio Castellitto,2,M,HE,WWE,MC,EM,AB,,,,,,,,,,,,,,,
IT2021_036,The Italian banker,IT2021_036_01,Diego Ribon,2,M,HE,WWE,UM,SE,AB,,,,,,,,,,,,,,,
IT2021_036,The Italian banker,IT2021_036_02,Fabio Sartor,3,M,HE,WWE,UM,SE,AB,,,,,,,,,,,,,,,
IT2021_036,The Italian banker,IT2021_036_03,Mirko Artuso,2,M,HE,WWE,UM,SE,AB,,,,,,,,,,,,,,,
IT2021_037,Bentornato papà,IT2021_037_01,Domenico Fortunato,2,M,HE,WWE,MC,SE,PD,,,,,,,,,,,,,,,
IT2021_038,Ariaferma,IT2021_038_01,Toni Servillo,3,M,HE,WWE,LM,EM,AB,,,,,,,,,,,,,,,
IT2021_038,Ariaferma,IT2021_038_02,Silvio Orlando,3,M,HE,WWE,LM,UN,AB,,,,,,,,,,,,,,,
IT2021_040,Medium,IT2021_040_01,Tony Sperandeo,3,M, ,WWE,LM,SE,AB,,,,,,,,,,,,,,,
IT2021_045,Una notte da dottore,IT2021_045_01,Diego Abatantuono ,3,M, ,WWE,MC,EM,AB,,,,,,,,,,,,,,,
IT2021_046,Freaks out,IT2021_046_01,Giorgio Tirabassi,2,M, ,WWE,LC,SE,AB,,,,,,,,,,,,,,,
IT2021_046,Freaks out,IT2021_046_02,Giancarlo Martini,2,M, ,WWE,LC,EM,PD,,,,,,,,,,,,,,,
IT2021_047,Io sono Babbo Natale,IT2021_047_01,Gigi Proietti,4,M, ,WWE,MC,SE,AB,,,,,,,,,,,,,,,
IT2021_047,Io sono Babbo Natale,IT2021_047_02,Marco Giallini,2,M, ,WWE,LM,UN,AB,,,,,,,,,,,,,,,
IT2021_048,Il bambino nascosto,IT2021_048_01,Silvio Orlando,3,M, ,WWE,MC,EM,AB,,,,,,,,,,,,,,,
IT2021_053,Promises,IT2021_053_01,Jean Reno,3,M, ,WWE,MC, , ,,,,,,,,,,,,,,,
IT2021_054,Querido Fidel,IT2021_054_01,Gianfelice Imparato,3,M,HE,WWE,LM,RE,AB,,,,,,,,,,,,,,,
IT2021_056,È stata la mano di Dio,IT2021_056_01,Toni Servillo,3,M,HE,WWE,MC,EM,AB,,,,,,,,,,,,,,,
IT2021_058,Una famiglia mostruosa,IT2021_058_01,Massimo Ghini,3,M,HE,WWE,UM, ,AB,,,,,,,,,,,,,,,
IT2021_060,Gianni Schicchi,IT2021_060_01,Roberto Frontali,2,M,HE,WWE,MC,EM,AB,,,,,,,,,,,,,,,
IT2021_061,The girl in the fountain,IT2021_061_01,Monica Bellucci,2,F,HE,WWE,UM,EM,AB,,,,,,,,,,,,,,,
IT2021_067,Din don - un paese in due,IT2021_067_01,Enzo Salvi,2,M,HE,WWE,LM,EM,AB,,,,,,,,,,,,,,,
IT2021_067,Din don - un paese in due,IT2021_067_02,Maurizio Mattioli,3,M, ,WWE,MC,EM,AB,,,,,,,,,,,,,,,
IT2021_068,Chi ha incastrato Babbo Natale?,IT2021_068_01,Christian De Sica,4,M, ,WWE, ,SE,AB,,,,,,,,,,,,,,,
IT2021_070,La sorpresa - l'eccezionale storia di Padre Marella,IT2021_070_01,Stefano Abbati,3,M, ,WWE,LM,EM,AB,,,,,,,,,,,,,,,
IT2021_073,8 donne e un mistero,IT2021_073_01,Margherita Buy,2,F,BI,WWE,UM,UN,AB,,,,,,,,,,,,,,,
IT2021_074,La Befana vien di notte: le origini,IT2021_074_01,Monica Bellucci,4,F, ,WWE,LC, ,AB,,,,,,,,,,,,,,,
IT2021_075,"L'acqua, l'insegna la sete",IT2021_075_01,Gianclaudio Lopez,4,M,,WWE,MC,RE,AB,,,,,,,,,,,,,,,
IT2021_076,The book of vision,IT2021_076_01,Charles Dance,4,M,,WWE,MC,SE,,,,,,,,,,,,,,,,
FR2021_002,L'Étreinte,FR2021_002_01,Emmanuelle Béart,2,F,HE,WWE,,,,,,,,,,,,,,,,,,
FR2021_008,Chacun chez soi,FR2021_008_01,Michèle Laroque,3,F,HE,,,,,,,,,,,,,,,,,,,
FR2021_009,Des hommes,FR2021_009_01,Gérard Depardieu,3,M,HE,,,,,,,,,,,,,,,,,,,
FR2021_009,Des hommes,FR2021_009_02,Catherine Frot,3,F,HE,,,,,,,,,,,,,,,,,,,
FR2021_009,Des hommes,FR2021_009_03,Jean-Pierre Darroussin,3,M,HE,,,,,,,,,,,,,,,,,,,
FR2021_011,Villa Caprice,FR2021_011_01,Niels Arestrup,3,M,HO,,,,,,,,,,,,,,,,,,,
FR2021_011,Villa Caprice,FR2021_011_02,Patrick Bruel,2,M,HE,,,,,,,,,,,,,,,,,,,
FR2021_018,Les 2 Alfred,FR2021_018_01,Denis Podalydès,2,M,HE,,,,,,,,,,,,,,,,,,,
FR2021_020,Un tour chez ma fille,FR2021_020_01,Josiane Balasko,3,F,HE,,,,,,,,,,,,,,,,,,,
FR2021_024,Tokyo Shaking,FR2021_024_01,Karin Viard,2,F,HE,,,,,,,,,,,,,,,,,,,
FR2021_025,La Fine Fleur,FR2021_025_01,Catherine Frot,3,F,HE,,,,,,,,,,,,,,,,,,,
FR2021_026,Le Sens de la famille,FR2021_026_01,Franck Dubosc,2,M,HE,,,,,,,,,,,,,,,,,,,
FR2021_028,Soeurs,FR2021_028_01,Isabelle Adjani,2,F,HE,,,,,,,,,,,,,,,,,,,
FR2021_033,Bergman Island,FR2021_033_01,Tim Roth,2,M,HE,,,,,,,,,,,,,,,,,,,
FR2021_035,Mystère à Saint-Tropez,FR2021_035_01,Christian Clavier,3,M,HE,,,,,,,,,,,,,,,,,,,
FR2021_035,Mystère à Saint-Tropez,FR2021_035_01,Benoît Poelvoorde,2,M,HE,,,,,,,,,,,,,,,,,,,
FR2021_036,Titane,FR2021_036_01,Vincent Lindon,2,M,HE,,,,,,,,,,,,,,,,,,,
FR2021_039,"Onoda, 10 000 nuits dans la jungle",FR2021_039_01,Kanji Tsuda,3,M,HE,,,,,,,,,,,,,,,,,,,
FR2021_039,"Onoda, 10 000 nuits dans la jungle",FR2021_039_02,Tetsuya Chiba,3,M,HE,,,,,,,,,,,,,,,,,,,
FR2021_040,C'est la vie,FR2021_040_01,Josiane Balasko,3,F,HE,,,,,,,,,,,,,,,,,,,
FR2021_042,Profession du père,FR2021_042_01,Benoît Poelvoorde,2,M,HE,,,,,,,,,,,,,,,,,,,
FR2021_045,Messe basse,FR2021_045_01,Jacqueline Bisset,3,F,HE,,,,,,,,,,,,,,,,,,,
FR2021_047,C'est quoi ce papy?!,FR2021_047_01,Chantal Ladesou,3,F,HE,,,,,,,,,,,,,,,,,,,
FR2021_047,C'est quoi ce papy?!,FR2021_047_02,Patrick Chesnais,3,M,HE,,,,,,,,,,,,,,,,,,,
FR2021_051,Attention au départ,FR2021_051_01,André Dussollier,3,M,HE,,,,,,,,,,,,,,,,,,,
FR2021_053,Les Fantasmes,FR2021_053_01,Karin Viard,2,F,HE,,,,,,,,,,,,,,,,,,,
FR2021_053,Les Fantasmes,FR2021_053_02,Carole Bouquet,2,F,HO,,,,,,,,,,,,,,,,,,,
FR2021_053,Les Fantasmes,FR2021_053_03,Monica Bellucci,2,F,HO,,,,,,,,,,,,,,,,,,,
FR2021_053,Les Fantasmes,FR2021_053_04,Denis Podalydès,2,M,HE,,,,,,,,,,,,,,,,,,,
FR2021_060,Un triomphe,FR2021_060_01,Kad Merad,2,M,HE,,,,,,,,,,,,,,,,,,,
FR2021_061,Boîte noire,FR2021_061_01,André Dussollier,3,M,HE,,,,,,,,,,,,,,,,,,,
FR2021_066,L'Origine du monde,FR2021_066_01,Karin Viard,2,F,HE,,,,,,,,,,,,,,,,,,,
FR2021_068,Les Amours d'Anaïs,FR2021_068_01,Denis Podalydès,2,M,HE,,,,,,,,,,,,,,,,,,,
FR2021_068,Les Amours d'Anaïs,FR2021_068_02,Valeria Bruni Tedeschi,2,F,HE,,,,,,,,,,,,,,,,,,,
FR2021_069,Pourris gâtés,FR2021_069_01,Gérard Jugnot,3,M,HE,,,,,,,,,,,,,,,,,,,
FR2021_072,Tout s'est bien passé,FR2021_072_01,André Dussollier,4,M,BI,,,,,,,,,,,,,,,,,,,
FR2021_072,Tout s'est bien passé,FR2021_072_02,Sophie Marceau,2,F,HE,,,,,,,,,,,,,,,,,,,
FR2021_073,Cette musique ne joue pour personne,FR2021_073_01,Gustave Kervern,3,M,HE,,,,,,,,,,,,,,,,,,,
FR2021_073,Cette musique ne joue pour personne,FR2021_073_02,Bouli Lanners,3,M,HE,,,,,,,,,,,,,,,,,,,
FR2021_075,Eugénie Grandet,FR2021_075_01,Olivier Gourmet,3,M,HE,,,,,,,,,,,,,,,,,,,
FR2021_079,Gaza mon amour,FR2021_079_01,Salim Daw,3,M,HE,,,,,,,,,,,,,,,,,,,
FR2021_079,Gaza mon amour,FR2021_079_02,Hiam Abbass,3,F,HE,,,,,,,,,,,,,,,,,,,
FR2021_081,Tralala,FR2021_081_01,Mathieu Amalric,2,M,HE,,,,,,,,,,,,,,,,,,,
FR2021_084,L'Homme de la cave,FR2021_084_01,François Cluzet,3,M,HE,,,,,,,,,,,,,,,,,,,
FR2021_091,Les Héroïques,FR2021_091_01,François Créton,2,M,HE,,,,,,,,,,,,,,,,,,,
FR2021_095,La Fracture,FR2021_095_01,Valeria Bruni Tedeschi,2,F,HO,,,,,,,,,,,,,,,,,,,
FR2021_103,Aline,FR2021_103_01,Valérie Lemercier,2,F,HE,,,,,,,,,,,,,,,,,,,
FR2021_105,Haute Couture,FR2021_105_01,Nathalie Baye,3,F,HE,,,,,,,,,,,,,,,,,,,
FR2021_110,Oranges sanguines,FR2021_110_01,Denis Podalydès,2,M,HE,,,,,,,,,,,,,,,,,,,
FR2021_113,De son vivant,FR2021_113_01,Catherine Deneuve,3,F,HE,,,,,,,,,,,,,,,,,,,
FR2021_116,La Pièce rapportée,FR2021_116_01,Josiane Balasko,4,F,HE,,,,,,,,,,,,,,,,,,,
FR2021_121,Les Tuche 4,FR2021_121_01,Isabelle Nanty,2,F,HE,,,,,,,,,,,,,,,,,,,
FR2021_123,Rose,FR2021_123_01,Françoise Fabian,4,F,HE,,,,,,,,,,,,,,,,,,,
FR2021_126,Mes très chers enfants,FR2021_126_01,Josiane Balasko,3,F,HE,,,,,,,,,,,,,,,,,,,
FR2021_126,Mes très chers enfants,FR2021_126_01,Didier Bourdon,3,M,HE,,,,,,,,,,,,,,,,,,,
FR2021_130,Mince alors 2!,FR2021_130_01,Charlotte de Turckheim,3,F,HE,,,,,,,,,,,,,,,,,,,
FR2021_130,Mince alors 2!,FR2021_130_01,Catherine Hosmalin,3,F,HE,,,,,,,,,,,,,,,,,,,
FR2021_132,Tromperie,FR2021_132_01,Denis Podalydès,2,M,HE,,,,,,,,,,,,,,,,,,,
ES2021_040,Dos,ES2021_040_01,Kandido Uranga,,,,,,,,,,,,,,,,,,,,,,
RO2021_003,,RO2021_003_01,Ovidiu Crișan ,2,M,HE,WEE,LM,EM,AB,,,,,,,,,,,,,,,
RO2021_003,,RO2021_003_02,Ion Sapdaru,2,M,HE,WEE,UC,EM,AB,,,,,,,,,,,,,,,
RO2021_007,,RO2021_007_01,Mircea Andreescu,3,M,HE,WEE,LM,RE,AB,,,,,,,,,,,,,,,
RO2021_007,,RO2021_007_02,Valer Dellakeza,3,M,HE,WEE,LM,RE,PD,,,,,,,,,,,,,,,
RO2021_016,,RO2021_016_01,Adrian Titieni,2 or 3,M,HE,WEE,UM,RE,AB,,,,,,,,,,,,,,,
RO2021_017,,RO2021_017_01,Costel Cașcaval ,2,M,HE,WEE,LM,EM,AB,,,,,,,,,,,,,,,
RO2022_003,,RO2022_003_01,Maia Morgenstern,2,F,HE,WEE,LC,SE,AB,,,,,,,,,,,,,,,
RO2022_003,,RO2022_003_02,Marius Bodochi,2,M,HE,WEE,LC, ,AB,,,,,,,,,,,,,,,
RO2022_011,,RO2022_011_01,Răzvan Vasilescu,3,M,HE,WEE,LM,RE,AB,,,,,,,,,,,,,,,
RO2022_013,,RO2022_013_01,Gabriel Spahiu,2,M,HE,WEE,LM, ,AB,,,,,,,,,,,,,,,
RO2022_014,,RO2022_014_01,Constantin Cotimanis,3,M,HE,WEE,UC,SE,AB,,,,,,,,,,,,,,,
DE2021_001,Weissbier im Blut,DE2021_001_01,Sigi Zimmerschied ,3,M,HE,WEE,LM,EM,AB,,,,,,,,,,,,,,,
DE2021_002,Die Vergesslichkeit der Eichhörnchen,DE2021_001_02,Günther Maria Halmer,4,M,HE,WEE,UM,RE,TD,,,,,,,,,,,,,,,
DE2021_003,Home,DE2021_001_03,Kathy Bates, , , , , , , ,,,,,,,,,,,,,,,
DE2021_004,Herr Bachmann und seine Klasse ,DE2021_001_04,Dieter Bachmann ,3,M, ,WEE,LM,EM,AB,,,,,,,,,,,,,,,
DE2021_005,Töchter,DE2021_001_05,Josef Bierbichler,3,M,HE,WEE,MC, ,TD,,,,,,,,,,,,,,,
DE2021_006,Walchensee Forever,DE2021_001_06,TBD, , , , , , , ,,,,,,,,,,,,,,,
DE2021_007,Sommer-Rebellen,DE2021_001_07,Pavel Nový,3,M,HE,WEE,MC,UN,TD,,,,,,,,,,,,,,,
DE2021_008,Mein Sohn ,DE2021_001_08,Anke Engelke ,3,F,HE,WEE,MC,EM,AB,,,,,,,,,,,,,,,
DE2021_009,Das schwarze Quadrat,DE2021_001_09,Bernhard Schütz,3,M, ,WEE,UM,EM,AB,,,,,,,,,,,,,,,
DE2021_010,Szenen meiner Ehe,DE2021_001_10,Katrin Schlösser,2,F,HE,WEE,MC,EM,AB,,,,,,,,,,,,,,,
DE2021_011,Kids Run,DE2021_001_11,Mark Zak ,,M,,,,,,,,,,,,,,,,,,,,
DE2021_012,Stillstehen,DE2021_001_12,Martin Wuttke,,M,,,,,,,,,,,,,,,,,,,,
DE2021_013,Stowaway,DE2021_001_13,Dan Berry,,M,,,,,,,,,,,,,,,,,,,,
DE2021_014,Catweazle,DE2021_001_14,Otto Waalkes,3,,,,,,AB,,,,,,,,,,,,,,,
DE2021_015,Ich bin dein Mensch,DE2021_001_15,Wolfgang Hübsch,,M,,,,,,,,,,,,,,,,,,,,
DE2021_016,Shorty und das Geheimnis des Zauberriffs,DE2021_001_16,Veronika Feres ,,,,,,,,,,,,,,,,,,,,,,
DE2021_017,Im Feuer,DE2021_001_17,Maryam Boobani,,F,,,,,,,,,,,,,,,,,,,,
DE2021_018,Nebenan,DE2021_001_18,Peter Kurth,3,M,HE,WWE,LM,UN,AB,,,,,,,,,,,,,,,
DE2021_019,Wir alle. Das Dorf,DE2021_001_19,?,,,,,,,,,,,,,,,,,,,,,,
DE2021_020,Gasmann,DE2021_001_20,Arne Körner,,M,,,,,,,,,,,,,,,,,,,,
DE2021_021,Glück,DE2021_001_21,Mario Mentrup,,M,,,,,,,,,,,,,,,,,,,,
DE2021_022,Smelville,DE2021_001_22,Geraldine Blecker,,F,,,,,,,,,,,,,,,,,,,,
DE2021_023,Julia muss sterben,DE2021_001_23,Mohammad-Ali Behboudi ,3,M,HE,WWE,,,PD,,,,,,,,,,,,,,,
DE2021_024,Ostwind - Der große Orkan,DE2021_001_24,Cornelia Froboess ,4,F,,,,,,,,,,,,,,,,,,,,
DE2021_025,Fabian oder Der Gang vor die Hunde,DE2021_001_25,Michael Wittenborn,,,,,,,,,,,,,,,,,,,,,,
DE2021_026,Kaiserschmarrndrama,DE2021_001_26,Enzi Fuchs,,,,,,,,,,,,,,,,,,,,,,
DE2021_027,Kultourhelden,DE2021_001_27,Gerhard Göbelt,3,M,HE,WWE,MC,SE,AB,,,,,,,,,,,,,,,
DE2021_027,Kultourhelden,DE2021_001_27,Klaus Friedrich,3,M,HE,WWE,MC,SE,AB,,,,,,,,,,,,,,,
DE2021_028,Look Me Over: Liberace,DE2021_001_28,Liberace,2-3,M,HO,WNA,UM,SE,AB,,,,,,,,,,,,,,,
DE2021_029,Kunst kommt aus dem Schnabel wie er gewachsen ist,DE2021_001_29,?,,,,,,,,,,,,,,,,,,,,,,
DE2021_030,Nahschuss,DE2021_001_30,Peter Benedict,,,,,,,,,,,,,,,,,,,,,,
DE2021_031,Neubau,DE2021_001_31,Jalda Rebling,3,F,,,,,,,,,,,,,,,,,,,,
DE2021_032,Wem gehört mein Dorf?,DE2021_001_32,?,,,,,,,,,,,,,,,,,,,,,,
DE2021_033,Die Frau des Piloten,DE2021_001_33,Hans Jürgen Alf,,M,,,,,,,,,,,,,,,,,,,,
DE2021_034,König der Raben,DE2021_001_34,Barbara Philipp,,F,,,,,,,,,,,,,,,,,,,,
DE2021_035,Coup,DE2021_001_35,Rocko Schamoni,,M,,,,,,,,,,,,,,,,,,,,
DE2021_036,Sky Sharks,DE2021_001_36,Yan Birch,,,,,,,,,,,,,,,,,,,,,,
DE2021_037,Tides,DE2021_001_37,Ian Glen,,,,,,,,,,,,,,,,,,,,,,
DE2021_038,Bekenntnisse des Hochstaplers Felix Krull,DE2021_001_38,Maria Furtwängler,,,,,,,,,,,,,,,,,,,,,,
DE2021_039,Mary Bauermeister - eins und eins ist drei,DE2021_001_39,Mary Bauermeister,,F,HE,WWE,MC,SE,AB,,,,,,,,,,,,,,,
DE2021_040,Vic the Viking and the Magic Sword,DE2021_001_40,David Schaal,,,,,,,,,,,,,,,,,,,,,,
DE2021_041,1986,DE2021_001_41,Vitaliy Kotovitskiy,,,,,,,,,,,,,,,,,,,,,,
DE2021_042,Beckenrand Sheriff,DE2021_001_42,Gisela Schneeberger,,,,,,,,,,,,,,,,,,,,,,
DE2021_043,Curveball,DE2021_001_43,Thorsten Merten ,,,,,,,,,,,,,,,,,,,,,,
DE2021_044,Ein Nasser Hund,DE2021_001_44,Marco Albrecht,,,,,,,,,,,,,,,,,,,,,,
DE2021_045,Ivie wie Ivie,DE2021_001_45,Horst Kotterba,,,,,,,,,,,,,,,,,,,,,,
DE2021_046,Je Suis Karl,DE2021_001_46,Anne-Marie Ponsot,,,,,,,,,,,,,,,,,,,,,,
DE2021_047,Gender Crisis,DE2021_001_47,Hans Bayer,,,,,,,,,,,,,,,,,,,,,,
DE2021_048,The Royal Game,DE2021_001_48,Anton Rattinger,,,,,,,,,,,,,,,,,,,,,,
DE2021_049,The Sunlit Night,DE2021_001_49,Jessica Hecht,,,,,,,,,,,,,,,,,,,,,,
DE2021_050,Zu den Sternen,DE2021_001_50,Günter Barton ,3,M,HE,WWE,MC,UN,AB,,,,,,,,,,,,,,,
DE2021_050,Zu den Sternen,DE2021_001_50,Florian Martens,3,M,HE,WWE,MC,SE,AB,,,,,,,,,,,,,,,
DE2021_051,Nö,DE2021_001_51,Isolde Barth,,,,,,,,,,,,,,,,,,,,,,
DE2021_052,Die Pfefferkörner und der Schatz der Tiefsee,DE2021_001_52,Heino Ferch,,,,,,,,,,,,,,,,,,,,,,
DE2021_053,Le Prince,DE2021_001_53,Lisa Bierwirth,,,,,,,,,,,,,,,,,,,,,,
DE2021_054,Lost in Face ,DE2021_001_54,Carlotta,3,F,HE,WWE,MC,SE,PD,,,,,,,,,,,,,,,
DE2021_055,Das Haus ,DE2021_001_55,Tobias Moretti ,3,M,HE,WWE,UM,EM,AB,,,,,,,,,,,,,,,
DE2021_056,Der Siebzehnte,DE2021_001_56,Jörg Janzer,,,,,,,,,,,,,,,,,,,,,,
DE2021_057,Uta,DE2021_001_57,Uta,3,F,HO,WWE,LC,UN,AB,,,,,,,,,,,,,,,
DE2021_058,Die Schule der magischen Tiere,DE2021_001_58,Justus Von Dohnanyi,,,,,,,,,,,,,,,,,,,,,,
DE2021_059,Endlich Tacheles,DE2021_001_59,?,,,,,,,,,,,,,,,,,,,,,,
DE2021_060,"Es ist nur eine Phase, Hase",DE2021_001_60,Christoph Maria Herbst,2,,HE,WWE,MC,EM,AB,,,,,,,,,,,,,,,
DE2021_061,Eine einsame Stadt,DE2021_001_61,?,,,,,,,,,,,,,,,,,,,,,,
DE2021_062,Genderation,DE2021_001_62,Annie Sprinkle,3,T,BI,WNA,MC,SE,AB,,,,,,,,,,,,,,,
DE2021_062,Genderation,DE2021_001_62,Beth Stevens,3,T,BI,WNA,MC,SE,AB,,,,,,,,,,,,,,,
DE2021_063,Die letzte Stadt ,DE2021_001_63,John Erdman,,,,,,,,,,,,,,,,,,,,,,
DE2021_064,Contra,DE2021_001_64,Christoph Maria Herbst,2,M,HE,WWE,UC,EM,AB,,,,,,,,,,,,,,,
DE2021_065,Monster Family 2,DE2021_001_65,Jason Isaacs,,,,,,,,,,,,,,,,,,,,,,
DE2021_066,Paris - Kein Tag ohne dich,DE2021_001_66,?,,,,,,,,,,,,,,,,,,,,,,
DE2021_067,Die Rettung der uns bekannten Welt,DE2021_001_67,Til Schweiger,2,M,HE,WWE,UC,EM,AB,,,,,,,,,,,,,,,
DE2021_068,Eine Handvoll Wasser,DE2021_001_68,Jürgen Prochnow,4,M,HE,WWE,MC,RE,AB,,,,,,,,,,,,,,,
DE2021_069,Windstill,DE2021_001_69,Katarina Klaffs ,,,,,,,,,,,,,,,,,,,,,,
DE2021_070,Lieber Thomas,DE2021_001_70,Jörg Schüttauf,,,,,,,,,,,,,,,,,,,,,,
DE2021_071,Tagundnachtgleiche,DE2021_001_71,Lina Wendel,,,,,,,,,,,,,,,,,,,,,,
DE2021_072,Baden gegen Württemberg,DE2021_001_72,Stephan Baumecker ,2,M,HE,WWE,UC,EM,AB,,,,,,,,,,,,,,,
DE2021_072,Baden gegen Württemberg,DE2021_001_72,Babett Arens,2,F,HE,WWE,UC,EM,AB,,,,,,,,,,,,,,,
DE2021_073,Bilder meiner Mutter,DE2021_001_73,?,,,,,,,,,,,,,,,,,,,,,,
DE2021_074,Hannes ,DE2021_001_74,Gabriela Maria Schmeide,,,,,,,,,,,,,,,,,,,,,,
DE2021_075,A Pure Place,DE2021_001_75,Sam Louwyck,2,M,HE,WWE,MC,SE,AB,,,,,,,,,,,,,,,
DE2021_076,Plan A ,DE2021_001_76,Yehuda Almagor,,,,,,,,,,,,,,,,,,,,,,
DE2021_077,Zeros and Ones,DE2021_001_77,Babak Karimi,,,,,,,,,,,,,,,,,,,,,,
,,,,,,,,,,,,,,,,,,,,,,,,,
,,,,,,,,,,,,,,,,,,,,,,,,,
,,,,,,,,,,,,,,,,,,,,,,,,,
DE2022_001,Wunderschön ,DE2021_001_01,TBD,3,F,HE,WU,MC, ,AB,,,,,,,,,,,,,,,
DE2022_002,Das Mädchen mit den goldenen Hände,DE2021_001_02,TBD,3,F,HE,WU,MC,EM,AB,,,,,,,,,,,,,,,
DE2022_003,Bettina,DE2021_001_03,TBD,4,F, ,EU,MC,SE,AB,,,,,,,,,,,,,,,
DE2022_004,Alles in bester Ordnung,DE2021_001_04,TBD,3,F,HE,WU,UM, ,AB,,,,,,,,,,,,,,,
DE2022_005,Heikos Welt,DE2021_001_05,TBD,3,M,HE,WU,LM,EM,AB,,,,,,,,,,,,,,,
DE2022_006,A E I O U - Das schnelle Alphabet der Liebe,DE2021_001_06,TBD,3,F,HE,WU,UM,EM,AB,,,,,,,,,,,,,,,
DE2022_007,Freibad,DE2021_001_07,TBD,4,F,HE,WU,MC, ,AB,,,,,,,,,,,,,,,
DE2022_008,Alle reden übers Wetter ,DE2021_001_08,TBD,3, , , , , , ,,,,,,,,,,,,,,,
DE2022_009,      Mittagsstunde,DE2021_001_09,TBD,4,F,HE,WU,MC,SE,TD,,,,,,,,,,,,,,,
DE2022_010,Mutter,DE2021_001_10,TBD, , , , , , , ,,,,,,,,,,,,,,,
DE2022_011,Der Nachname,DE2021_001_11,TBD,4,F,HE,WU,MC, ,AB,,,,,,,,,,,,,,,
DE2022_012,Wer gräbt den Bestatter ein?,DE2021_001_12,TBD,3,M,HE,WU,LM,EM,AB,,,,,,,,,,,,,,,
DE2022_013,Die stillen Trabanten,DE2021_001_13,TBD,3,F,HO,WU,LM,EM,AB,,,,,,,,,,,,,,,
GB2021_001,No Time to Die,GB2021_001_01,Ralph Fiennes,2,M,,,UM,EM,AB,,,,,,,,,,,,,,,
GB2021_001,No Time to Die,GB2021_001_02,Christoph Waltz,2,M,,,UC,SE,AB,,,,,,,,,,,,,,,
GB2021_001,No Time to Die,GB2021_001_03,Jeffrey Wright,2,M,,,UM,EM,AB,,,,,,,,,,,,,,,
GB2021_002,The King's Man,GB2021_002_01,Ralph Fiennes,2,M,HE,,UC,SE,TD,,,,,,,,,,,,,,,
GB2021_002,The King's Man,GB2021_002_02,Charles Dance,3,M,,,UC,EM,AB,,,,,,,,,,,,,,,
GB2021_002,The King's Man,GB2021_002_03,Djimon Hounsou,2,M,,,LM,EM,AB,,,,,,,,,,,,,,,
GB2021_002,The King's Man,GB2021_002_04,Stanley Tucci,2,M,,,UM,EM,AB,,,,,,,,,,,,,,,
GB2021_002,The King's Man,GB2021_002_05,Ron Cook,3,M,HE,,UC,SE,AB,,,,,,,,,,,,,,,
GB2021_003,Minamata,GB2021_003_01,Johnny Depp,2,M,HE,WNA,UM,EM,AB,,,,,,,,,,,,,,,
GB2021_003,Minamata,GB2021_003_02,Bill Nighy,3,,,WWE,UM,EM,AB,,,,,,,,,,,,,,,
GB2021_003,Minamata,GB2021_003_03,Jun Kunimura,3,,,EAS,UC,SE,AB,,,,,,,,,,,,,,,
GB2021_003,Minamata,GB2021_003_04,Hiroyuki Sanada,2,,,EAS,LM,,AB,,,,,,,,,,,,,,,
GB2021_004,Last Night in Soho,GB2021_004_01,Terence Stamp,4,M,HE,WWE,UC,,AB,,,,,,,,,,,,,,,
GB2021_005,The Father,GB2021_005_01,Anthony Hopkins,4,M,HE,WWE,UM,RE,AB,,,,,,,,,,,,,,,
GB2021_006,A Boy Called Christmas,GB2021_006_01,Maggie Smith,4,F,HE,WWE,MC,,AB,,,,,,,,,,,,,,,
GB2021_006,A Boy Called Christmas,GB2021_006_02,Jim Broadbent,3,M,,WWE,UC,SE,AB,,,,,,,,,,,,,,,
GB2021_007,Supernova,GB2021_007_01,Colin Firth,3,M,HO,WWE,UM,RE,AB,,,,,,,,,,,,,,,
GB2021_007,Supernova,GB2021_007_02,Stanley Tucci,3,M,HO,WWE,UM,RE,CI,,,,,,,,,,,,,,,
GB2021_007,Supernova,GB2021_007_03,Pippa Haywood,3,F,,WWE,,,,,,,,,,,,,,,,,,
GB2021_007,Supernova,GB2021_007_04,Sarah Woodward,3,F,,WWE,,,,,,,,,,,,,,,,,,
GB2021_008,Boxing Day,GB2021_008_01,Marianne Jean-Baptiste,3,F,HE,BWE,UM,,AB,,,,,,,,,,,,,,,
GB2021_008,Boxing Day,GB2021_008_02,Stephen Dillane,3,M,HE,WWE,MC,,AB,,,,,,,,,,,,,,,
GB2021_009,Mothering Sunday,GB2021_009_01,Colin Firth,3,M,HE,WWE,UC,SE,AB,,,,,,,,,,,,,,,
GB2021_009,Mothering Sunday,GB2021_009_02,Glenda Jackson,4,F,HE,WWE,UM,SE,AB,,,,,,,,,,,,,,,
GB2021_010,The Last Bus,GB2021_010_01,Timothy Spall,4,M,HE,WWE,MC,RE,AB,,,,,,,,,,,,,,,
GB2021_010,The Last Bus,GB2021_010_02,Phyllis Logan,4,F,HE,WWE,MC,RE,,,,,,,,,,,,,,,,
GB2021_011,Off the rails,GB2021_011_01,Jenny Seagrove,2,F,HE,WWE,MC,EM,AB,,,,,,,,,,,,,,,
GB2021_011,Off the rails,GB2021_011_02,Kelly Preston,2,F,HE,WNA,UM,EM,AB,,,,,,,,,,,,,,,
GB2021_011,Off the rails,GB2021_011_03,Ben Miller,2,M,HE,WWE,MC,EM,AB,,,,,,,,,,,,,,,
GB2021_011,Off the rails,GB2021_011_04,Franco Nero,3,M,HE,WWE,UM,,AB,,,,,,,,,,,,,,,
GB2021_011,Off the rails,GB2021_011_05,Judi Dench,4,F,HE,WWE,MC,,AB,,,,,,,,,,,,,,,
GB2021_012,The Mauritanian,GB2021_012_01,Jodie Foster,2,F,,WNA,UM,SE,AB,,,,,,,,,,,,,,,
GB2021_012,The Mauritanian,GB2021_012_02,Corey Johnson,2,M,,WNA,UM,EM,AB,,,,,,,,,,,,,,,
GB2021_014,Rise of the Footsoldier: Origins,GB2021_014_01,Vinnie Jones,2,M,HE,WWE,LM,SE,AB,,,,,,,,,,,,,,,
GB2021_014,Rise of the Footsoldier: Origins,GB2021_014_02,Craig Fairbrass,2,M,HE,WWE,LM,SE,AB,,,,,,,,,,,,,,,
GB2021_014,Rise of the Footsoldier: Origins,GB2021_014_03,Michelle Collins,2,F,HE,WWE,,,AB,,,,,,,,,,,,,,,
GB2021_014,Rise of the Footsoldier: Origins,GB2021_014_04,Keith Allen,2,M,HE,WWE,UM,SE,AB,,,,,,,,,,,,,,,
GB2021_014,Rise of the Footsoldier: Origins,GB2021_014_05,Billy Murray,2,M,,WWE,,,AB,,,,,,,,,,,,,,,
GB2021_015,To Olivia,GB2021_015_01,Hugh Bonneville,2,M,HE,WWE,UM,SE,AB,,,,,,,,,,,,,,,
GB2021_015,To Olivia,GB2021_015_02,Geoffrey Palmer,3,M,HE,WWE,,,,,,,,,,,,,,,,,,
GB2021_015,To Olivia,GB2021_015_03,Conleth Hill,2,M,HE,WWE,,,,,,,,,,,,,,,,,,
GB2021_017,After Love,GB2021_017_01,Joanna Scanlan,2,F,HE,WWE,MC,,AB,,,,,,,,,,,,,,,
GB2021_017,After Love,GB2021_017_02,Nathalie Richard,2,F,HE,WWE,MC,,AB,,,,,,,,,,,,,,,
GB2021_018,Six Minutes to Midnight,GB2021_018_01,Eddie Izzard,2,M,,WWE,MC,EM,AB,,,,,,,,,,,,,,,
GB2021_018,Six Minutes to Midnight,GB2021_018_02,Judi Dench,3,F,,WWE,MC,SE,AB,,,,,,,,,,,,,,,
GB2021_018,Six Minutes to Midnight,GB2021_018_03,Jim Broadbent,3,M,,WWE,LM,EM,AB,,,,,,,,,,,,,,,
GB2021_019,The Dig,GB2021_019_01,Ralph Fiennes,2,M,HE,WWE,LC,EM,AB,,,,,,,,,,,,,,,
GB2021_019,The Dig,GB2021_019_02,Danny Webb,3,M,,WWE,,,,,,,,,,,,,,,,,,
GB2021_019,The Dig,GB2021_019_03,Ken Stott,3,M,,WWE,UM,EM,PD,,,,,,,,,,,,,,,
GB2021_020,The Unforgivable,GB2021_020_01,Sandra Bullock,2,F,,WNA,LC,EM,AB,,,,,,,,,,,,,,,
GB2021_020,The Unforgivable,GB2021_020_02,Vincent D'Onofrio,2,M,HE,WNA,UM,SE,AB,,,,,,,,,,,,,,,
GB2021_020,The Unforgivable,GB2021_020_03,Viola Davis,2,F,HE,BNA,UM,,AB,,,,,,,,,,,,,,,
GB2021_022,Dracula on Holiday,GB2021_022_01,Chris Bearne,3,M,,WWE,MC,EM,AB,,,,,,,,,,,,,,,
GB2021_023,The Football Monologues,GB2021_023_01,Brian Bovell,3,M,,BWE,MC,,AB,,,,,,,,,,,,,,,
GB2021_023,The Football Monologues,GB2021_023_02,Stephen Boxer,3,M,,WWE,MC,,AB,,,,,,,,,,,,,,,
GB2021_025,Everybody's Talking About Jamie,GB2021_025_01,Richard E. Grant,3,M,HO,WWE,LM,,AB,,,,,,,,,,,,,,,
GB2021_025,Everybody's Talking About Jamie,GB2021_025_02,Sarah Lancashire,2,F,HE,WWE,LM,,AB,,,,,,,,,,,,,,,
GB2021_026,The Obscure Life of the Grand Duke of Corsica,GB2021_026_01,Timothy Spall,3,M,,WWE,UM,EM,AB,,,,,,,,,,,,,,,
GB2021_026,The Obscure Life of the Grand Duke of Corsica,GB2021_026_02,Peter Stormare,3,M,,WWE,UC,SE,CI,,,,,,,,,,,,,,,
GB2021_028,Red Mist,GB2021_028_01,David Hayman,3,M,HE,WWE,UM,SE,AB,,,,,,,,,,,,,,,
GB2021_030,Creation Stories,GB2021_030_01,Jason Isaacs,2,M,,WWE,UM,SE,AB,,,,,,,,,,,,,,,
GB2021_031,Twist,GB2021_031_01,Michael Caine,4,M,,WWE,UM,SE,AB,,,,,,,,,,,,,,,
GB2021_032,To Be Someone,GB2021_032_01,Leslie Ash,3,F,,WWE,LM,,AB,,,,,,,,,,,,,,,
GB2021_032,To Be Someone,GB2021_032_02,Mark Wingett,3,M,,WWE,LM,,AB,,,,,,,,,,,,,,,
GB2021_032,To Be Someone,GB2021_032_03,Toyah Wilcox,3,F,,WWE,LM,,AB,,,,,,,,,,,,,,,
GB2021_032,To Be Someone,GB2021_032_04,Trevor Laird,3,M,,BWE,LM,,AB,,,,,,,,,,,,,,,
GB2021_032,To Be Someone,GB2021_032_05,Gary Shail,3,M,,WWE,LM,,AB,,,,,,,,,,,,,,,
GB2021_032,To Be Someone,GB2021_032_06,Perry Benson,3,M,,WWE,LM,,AB,,,,,,,,,,,,,,,
GB2021_034,The Toll,GB2021_034_01,Michael Smiley,3,M,,WWE,MC,SE,AB,,,,,,,,,,,,,,,
GB2021_034,The Toll,GB2021_034_02,Gary Beadle,3,M,,BWE,UM,EM,AB,,,,,,,,,,,,,,,
GB2021_034,The Toll,GB2021_034_03,Julian Glover,4,M,,WWE,,,,,,,,,,,,,,,,,,
GB2021_035,Undergods,GB2021_035_01,Michael Gould,2,M,HE,WWE,MC,,AB,,,,,,,,,,,,,,,
GB2021_035,Undergods,GB2021_035_02,Hayley Carmichael,2,F,HE,WWE,MC,,AB,,,,,,,,,,,,,,,
GB2021_035,Undergods,GB2021_035_03,Ned Dennehy,2,M,HE,WWE,LM,,AB,,,,,,,,,,,,,,,
GB2021_035,Undergods,GB2021_035_04,Eric Godon,3,M,,WWE,UM,,AB,,,,,,,,,,,,,,,
GB2021_035,Undergods,GB2021_035_05,Jan Bijvoet,2,M,,WEE,UM,,AB,,,,,,,,,,,,,,,
GB2021_035,Undergods,GB2021_035_06,Lorraine Hilton,3,F,,WWE,MC,,AB,,,,,,,,,,,,,,,
GB2021_035,Undergods,GB2021_035_07,Sam Louwyck,2,M,HE,WWE,LM,,AB,,,,,,,,,,,,,,,
GB2021_035,Undergods,GB2021_035_08,Adrian Rawlins,2,M,HE,WWE,LM,,AB,,,,,,,,,,,,,,,
GB2021_036,Lawrence: After Arabia,GB2021_036_01,Mark J.T. Griffin,3,M,,WWE,UM,EM,AB,,,,,,,,,,,,,,,
GB2021_036,Lawrence: After Arabia,GB2021_036_02,Hugh Fraser,3,M,,WWE,UC,EM,AB,,,,,,,,,,,,,,,
GB2021_036,Lawrence: After Arabia,GB2021_036_03,Colin Blyth,3,M,,WWE,UM,EM,AB,,,,,,,,,,,,,,,
GB2021_038,The War Below,GB2021_038_01,Douglas Reith,3,M,,WWE,UC,EM,AB,,,,,,,,,,,,,,,
GB2021_041,Bull,GB2021_041_01,David Hayman,3,M,HE,WWE,UC,SE,AB,,,,,,,,,,,,,,,
GB2021_042,La Cha Cha,GB2021_042_01,William Thomas,3,M,,WWE,LC,RE,AB,,,,,,,,,,,,,,,
GB2021_042,La Cha Cha,GB2021_042_02,Melanie Walters,3,F,HE,WWE,LC,RE,AB,,,,,,,,,,,,,,,
GB2021_042,La Cha Cha,GB2021_042_03,Di Botcher,3,F,,WWE,LC,RE,AB,,,,,,,,,,,,,,,
GB2021_042,La Cha Cha,GB2021_042_04,Keith Allen,3,M,,WWE,LC,RE,AB,,,,,,,,,,,,,,,
GB2021_043,Shepherd,GB2021_043_01,Greta Schacchi,3,F,HE,WWE,LM,SE,AB,,,,,,,,,,,,,,,
GB2021_045,The Colour Room,GB2021_045_01,Bill Patterson,3,M,,WWE,UC,SE,AB,,,,,,,,,,,,,,,
GB2021_045,The Colour Room,GB2021_045_02,Tony Pitts,2,M,,WWE,,,,,,,,,,,,,,,,,,
GB2021_045,The Colour Room,GB2021_045_03,David Morrissey,2,M,,WWE,UM,EM,AB,,,,,,,,,,,,,,,
GB2021_045,The Colour Room,GB2021_045_04,Adrian Rawlins,3,M,,WWE,,,,,,,,,,,,,,,,,,
GB2021_047,Rare Beasts,GB2021_047_01,Kerry Fox,3,F,HE,WWE,LM,,AB,,,,,,,,,,,,,,,
GB2021_047,Rare Beasts,GB2021_047_02,David Thewlis,3,M,HE,WWE,LM,,AB,,,,,,,,,,,,,,,
GB2021_048,Blithe Spirit,GB2021_048_01,Colin Stinton,3,M,,WNA,,,,,,,,,,,,,,,,,,
GB2021_048,Blithe Spirit,GB2021_048_02,Dave Johns,3,M,,WWE,,,,,,,,,,,,,,,,,,
GB2021_048,Blithe Spirit,GB2021_048_03,Judi Dench,4,F,,WWE,MC,SE,AB,,,,,,,,,,,,,,,
GB2021_048,Blithe Spirit,GB2021_048_04,Michele Dotrice,3,F,,WWE,LC,EM,AB,,,,,,,,,,,,,,,
GB2020_001,1917,GB2020_001_01,Colin Firth,2,M,,WWE,UC,EM,AB,,,,,,,,,,,,,,,
GB2020_001,1917,GB2020_001_01,Mark Strong,2,M,,WWE,MC,EM,AB,,,,,,,,,,,,,,,
GB2020_002,Emma,GB2020_002_01,Bill Nighy,3,M,HE,WWE,UC,RE,CI,,,,,,,,,,,,,,,
GB2020_003,The Personal History of David Copperfield,GB2020_003_01,Hugh Laurie,3,M,HE,WWE,UC,SE,AB,,,,,,,,,,,,,,,
GB2020_003,The Personal History of David Copperfield,GB2020_003_02,Tilda Swinton,3,F,HE,WWE,UC,SE,AB,,,,,,,,,,,,,,,
GB2020_003,The Personal History of David Copperfield,GB2020_003_03,Peter Capaldi,3,M,HE,WWE,LC,UN,AB,,,,,,,,,,,,,,,
GB2020_004,Military Wives,GB2020_004_01,Kristin Scott Thomas,2,F,HE,WWE,MC,UN,AB,,,,,,,,,,,,,,,
GB2020_005,Greed,GB2020_005_01,Steve Coogan,2,M,HE,WWE,UC,SE,AB,,,,,,,,,,,,,,,
GB2020_006,The Secret Garden,GB2020_006_01,Colin Firth,2,M,HE,WWE,UC,SE,AB,,,,,,,,,,,,,,,
GB2020_006,The Secret Garden,GB2020_006_02,Julie Walters,3,F,,WWE,LM,EM,AB,,,,,,,,,,,,,,,
GB2020_007,Misbehaviour,GB2020_007_01,Lesley Manville,3,F,,WWE,UM,EM,AB,,,,,,,,,,,,,,,
GB2020_007,Misbehaviour,GB2020_007_02,Stephen Boxer,3,M,,WWE,MC,,,,,,,,,,,,,,,,,
GB2020_007,Misbehaviour,GB2020_007_03,Phyllis Logan,3,F,HE,WWE,MC,,AB,,,,,,,,,,,,,,,
GB2020_007,Misbehaviour,GB2020_007_04,Greg Kinnear,3,M,HE,WNA,UC,EM,AB,,,,,,,,,,,,,,,
GB2020_008,Pixie,GB2020_008_01,Alec Baldwin,3,M,,WWE,UM,SE,AB,,,,,,,,,,,,,,,
GB2020_008,Pixie,GB2020_008_02,Colm Meany,3,M,HE,WWE,UM,SE,AB,,,,,,,,,,,,,,,
GB2020_008,Pixie,GB2020_008_03,Ned Dennehy,3,M,,WWE,MC,EM,AB,,,,,,,,,,,,,,,
GB2020_009,Hope Gap,GB2020_009_01,Annette Bening,3,F,HE,WNA,MC,,AB,,,,,,,,,,,,,,,
GB2020_009,Hope Gap,GB2020_009_02,Bill Nighy,3,M,HE,WWE,MC,EM,AB,,,,,,,,,,,,,,,
GB2020_010,Summerland,GB2020_010_01,Penelope Wilton,3,F,HO,WWE,MC,SE,AB,,,,,,,,,,,,,,,
GB2020_010,Summerland,GB2020_010_02,Tom Courtenay,3,M,,WWE,MC,EM,AB,,,,,,,,,,,,,,,
GB2020_010,Summerland,GB2020_010_03,Siân Phillips,4,F,,WWE,,,,,,,,,,,,,,,,,,
GB2020_011,23 walks,GB2020_011_01,Dave Johns,3,M,HE,WWE,LC,,AB,,,,,,,,,,,,,,,
GB2020_011,23 walks,GB2020_011_02,Alison Steadman,3,F,,WWE,MC,,AB,,,,,,,,,,,,,,,
GB2020_011,23 walks,GB2020_011_03,Bob Goody,3,M,HE,WWE,,,AB,,,,,,,,,,,,,,,
GB2020_012,Come Away,GB2020_012_01,Michael Caine,4,M,,WWE,UM,SE,AB,,,,,,,,,,,,,,,
GB2020_012,Come Away,GB2020_012_02,Clarke Peters,3,M,,BNA,MC,UN,PD,,,,,,,,,,,,,,,
GB2020_013,Love Sarah,GB2020_013_01,Celia Imrie,3,F,HE,WWE,MC,SE,AB,,,,,,,,,,,,,,,
GB2020_013,Love Sarah,GB2020_013_02,Bill Patterson,3,M,HE,WWE,UM,EM,AB,,,,,,,,,,,,,,,
GB2020_015,The Owners,GB2020_015_01,Sylvester McCoy,4,M,HE,WWE,UM,SE,AB,,,,,,,,,,,,,,,
GB2020_015,The Owners,GB2020_015_02,Rita Tushingham,4,F,HE,WWE,UM,SE,CI,,,,,,,,,,,,,,,
GB2020_016,Fatman,GB2020_016_01,Mel Gibson,3,M,HE,WNA,MC,SE,AB,,,,,,,,,,,,,,,
GB2020_016,Fatman,GB2020_016_02,Marianne Jean-Baptiste,3,F,HE,BNA,MC,SE,AB,,,,,,,,,,,,,,,
GB2020_016,Fatman,GB2020_016_03,Deborah Grover,4,F,HE,WNA,UC,RE,PD,,,,,,,,,,,,,,,
GB2020_018,Rebecca,GB2020_018_01,Kristin Scott Thomas,2,F,HO,WWE,LM,EM,AB,,,,,,,,,,,,,,,
GB2020_018,Rebecca,GB2020_018_02,Ann Dowd,3,F,,WWE,UC,,AB,,,,,,,,,,,,,,,
GB2020_020,Eternal Beauty,GB2020_020_01,David Thewlis,2,M,HE,WWE,LM,,CI,,,,,,,,,,,,,,,
GB2020_020,Eternal Beauty,GB2020_020_02,Penelope Wilton,3,F,HE,WWE,LM,,AB,,,,,,,,,,,,,,,
GB2020_020,Eternal Beauty,GB2020_020_03,Robert Pugh,3,M,HE,WWE,LM,,AB,,,,,,,,,,,,,,,
GB2020_022,Concrete Plans,GB2020_022_01,William Thomas,3,M,,WWE,LM,EM,AB,,,,,,,,,,,,,,,
GB2020_023,C.L.E.A.N.,GB2020_023_01,Tom Sizemore,2,M,,WNA,,,,,,,,,,,,,,,,,,
GB2020_023,C.L.E.A.N.,GB2020_023_02,Angelo Borer,3,M,,WEE,,,,,,,,,,,,,,,,,,
GB2020_024,Villain,GB2020_024_01,Craig Fairbrass,2,M,HE,WWE,LM,EM,AB,,,,,,,,,,,,,,,
GB2020_024,Villain,GB2020_024_02,Robert Glenister,3,M,,WWE,UM,SE,AB,,,,,,,,,,,,,,,
GB2020_025,Cordelia,,,,,,,,,,,,,,,,,,,,,,,,
GB2020_026,The Loss Adjuster,GB2020_026_01,Guy Siner,3,M,,WWE,MC,RE,AB,,,,,,,,,,,,,,,
GB2020_026,The Loss Adjuster,GB2020_026_02,Joan Collins,4,F,,WWE,UM,RE,AB,,,,,,,,,,,,,,,
GB2020_028,Perfect Strangers,GB2020_028_01,Sylvester McCoy,3,M,,WWE,MC,RE,AB,,,,,,,,,,,,,,,
GB2020_028,Perfect Strangers,GB2020_028_02,Clare Grogan,3,F,,WWE,MC,,AB,,,,,,,,,,,,,,,
GB2020_028,Perfect Strangers,GB2020_028_03,Frazer Hines,3,M,,WWE,MC,RE,AB,,,,,,,,,,,,,,,
GB2020_030,Philophobia,GB2020_030_01,James Faulkner,3,M,,WWE,MC,,,,,,,,,,,,,,,,,
GB2020_030,Philophobia,GB2020_030_02,Marc Danbury,2,M,,WWE,MC,EM,AB,,,,,,,,,,,,,,,
GB2020_032,The Man in the Hat,GB2020_032_01,Ciarán Hinds,3,M,HE,WWE,MC,RE,AB,,,,,,,,,,,,,,,
GB2020_032,The Man in the Hat,GB2020_032_02,Stephen Dillane,3,M,,WWE,LC,,AB,,,,,,,,,,,,,,,
GB2020_035,Mogul Mowgli,GB2020_035_01,Suddha Bhuchar,3,F,,SOA,LM,,AB,,,,,,,,,,,,,,,
GB2020_036,Calm with Horses,GB2020_036_01,Ned Dennehy,3,M,,WWE,MC,SE,AB,,,,,,,,,,,,,,,
GB2020_041,Patients of a Saint,GB2020_041_01,Gabz Barker,3,F,HE,WWE,,,,,,,,,,,,,,,,,,
GB2020_041,Patients of a Saint,GB2020_041_02,Christopher Dunne,3,M,,WWE,UM,EM,AB,,,,,,,,,,,,,,,
ES2020_001,Padre no hay más que uno 2: La llegada de la suegra,ES2020_001_01,Loles León,3,F,HE,WWE,UM,RE,AB,,,,,,,,,,,,,,,
ES2020_001,Padre no hay más que uno 2: La llegada de la suegra,ES2020_001_02,Santiago Segura,2,M,HE,WWE,UM,SE,AB,,,,,,,,,,,,,,,
ES2020_001,Padre no hay más que uno 2: La llegada de la suegra,ES2020_001_03,Leo Harlem,2,M,HE,WWE,MC,UN,AB,,,,,,,,,,,,,,,
ES2020_002,Malasaña 32,ES2020_002_01,Concha Velasco,4,F,,WWE,MC,,,,,,,,,,,,,,,,,
ES2020_002,Malasaña 32,ES2020_002_02,Javier Botet,4,F,,WWE,MC,,,,,,,,,,,,,,,,,
ES2020_002,Malasaña 32,ES2020_002_03,José Luis de Madariaga,4,M,HE,WWE,MC,RE,AB,,,,,,,,,,,,,,,
ES2020_003,Superagente Makey,ES2020_003_01,Leo Harlem,2,M,,WWE,MC,EM,AB,,,,,,,,,,,,,,,
ES2020_003,Superagente Makey,ES2020_003_02,Jordi Sánchez,2,M,,WWE,LM,UN,AB,,,,,,,,,,,,,,,
ES2020_004,La boda de Rosa,ES2020_004_01,Sergi López,2,M,HE,WWE,MC,SE,AB,,,,,,,,,,,,,,,
ES2020_004,La boda de Rosa,ES2020_004_02,Ramón Barea,3,M,HE,WWE,MC,RE,AB,,,,,,,,,,,,,,,
ES2020_005,El plan,ES2020_005_01,Chema del Barco,2,M,,WWE,LM,UN,AB,,,,,,,,,,,,,,,
ES2020_006,El inconveniente,ES2020_006_01,Kiti Mánver,4,F,HE,WWE,MC,RE,CI,,,,,,,,,,,,,,,
ES2020_006,El inconveniente,ES2020_006_02,José Sacristán,4,M,HE,WWE,MC,RE,AB,,,,,,,,,,,,,,,
ES2020_007,Orígenes secretos,ES2020_007_01,Antonio Resines,3,M,HE,WWE,MC,RE,AB,,,,,,,,,,,,,,,
ES2020_008,Baby,ES2020_008_01,Harriet Sansom Harris,3,F,,WWE,UC,,AB,,,,,,,,,,,,,,,
ES2020_008,Baby,ES2020_008_02,Charo López,4,F,,WWE,,,,,,,,,,,,,,,,,,
ES2020_009,El arte de volver,ES2020_009_01,Celso Bugallo,4,M,HE,WWE,MC,RE,CI,,,,,,,,,,,,,,,
ES2020_010,Nieva en Benidorm,ES2020_010_01,Timothy Spall,3,M,HE,WWE,MC,RE,AB,,,,,,,,,,,,,,,
ES2020_010,Nieva en Benidorm,ES2020_010_02,Carmen Machi,2,F,HE,WWE,MC,EM,AB,,,,,,,,,,,,,,,
ES2020_010,Nieva en Benidorm,ES2020_010_03,Pedro Casablanc,2,M,,WWE,MC,SE,AB,,,,,,,,,,,,,,,
ES2020_012,Invisibles,ES2020_012_01,Emma Suárez,2,F,HE,WWE,MC,EM,AB,,,,,,,,,,,,,,,
ES2020_012,Invisibles,ES2020_012_02,Adriana Ozores,2,F,HE,WWE,MC,,AB,,,,,,,,,,,,,,,
ES2020_012,Invisibles,ES2020_012_03,Blanca Portillo,2,F,HE,WWE,MC,,AB,,,,,,,,,,,,,,,
ES2020_012,Invisibles,ES2020_012_04,Pedro Casablanc,2,M,HE,WWE,MC,,AB,,,,,,,,,,,,,,,
ES2020_013,La lista de los deseos,ES2020_013_01,Victoria Abril,3,F,,WWE,MC,,CI,,,,,,,,,,,,,,,
ES2020_014,La suite nupcial,ES2020_014_01,Carlos Iglesias,2,M,HE,WWE,MC,EM,AB,,,,,,,,,,,,,,,
ES2020_014,La suite nupcial,ES2020_014_02,José Mota,2,M,HE,WWE,MC,EM,AB,,,,,,,,,,,,,,,
ES2020_014,La suite nupcial,ES2020_014_03,Santiago Segura,2,M,HE,WWE,MC,EM,AB,,,,,,,,,,,,,,,
ES2020_014,La suite nupcial,ES2020_014_04,Ana Fernández,2,F,HE,WWE,MC,EM,AB,,,,,,,,,,,,,,,
ES2020_014,La suite nupcial,ES2020_014_05,Roberto Álvarez,2,M,,WWE,MC,EM,AB,,,,,,,,,,,,,,,
ES2020_015,La maldición del guapo,ES2020_015_01,Gonzalo de Castro,3,M,HE,WWE,UM,SE,AB,,,,,,,,,,,,,,,
ES2020_015,La maldición del guapo,ES2020_015_02,Ginés García Millán,2,M,HE,WWE,UM,SE,AB,,,,,,,,,,,,,,,
ES2020_015,La maldición del guapo,ES2020_015_03,Carlos Hipólito,3,M,HE,WWE,UM,,AB,,,,,,,,,,,,,,,
ES2020_016,Ofrenda a la tormenta,ES2020_016_01,Imanol Arias,3,M,,WWE,UC,EM,AB,,,,,,,,,,,,,,,
ES2020_016,Ofrenda a la tormenta,ES2020_016_02,Itziar Aizpuru,4,F,,WWE,MC,RE,AB,,,,,,,,,,,,,,,
ES2020_016,Ofrenda a la tormenta,ES2020_016_03,Alicia Sánchez,4,F,HE,WWE,MC,RE,AB,,,,,,,,,,,,,,,
ES2020_016,Ofrenda a la tormenta,ES2020_016_04,Ana Wagener,2,F,,WWE,MC,EM,AB,,,,,,,,,,,,,,,
ES2020_016,Ofrenda a la tormenta,ES2020_016_05,Susi Sánchez,4,F,HE,WWE,MC,RE,PD,,,,,,,,,,,,,,,
IT2022_001,Il grande giorno,IT2022_001_01,Giovanni Storti,3,M,HE,WWE,UM,SE,AB,,,,,,,,,,,,,,,
IT2022_001,Il grande giorno,IT2022_001_02,Aldo Baglio,3,M,HE,WWE,MC,EM,AB,,,,,,,,,,,,,,,
IT2022_001,Il grande giorno,IT2022_001_03,Giacomo Poretti,3,M,HE,WWE,UM,SE,AB,,,,,,,,,,,,,,,
IT2022_002,La stranezza,IT2022_002_01,Toni Servillo,2,M,HE,WWE,MC,SE,AB,,,,,,,,,,,,,,,
IT2022_004,Il colibrì,IT2022_004_01,Pierfrancesco Favino,2,M,HE,WWE,UM,EM,AB,,,,,,,,,,,,,,,
IT2022_008,Siccità,IT2022_008_01,Silvio Orlando,3,M,HE,WWE,LC,UN,AB,,,,,,,,,,,,,,,
IT2022_008,Siccità,IT2022_008_02,Tommaso Ragno,2,M,HE,WWE,MC,UN,AB,,,,,,,,,,,,,,,
IT2022_008,Siccità,IT2022_008_03,Max Tortora,3,M,HE,WWE,LC,UN,AB,,,,,,,,,,,,,,,
IT2022_008,Siccità,IT2022_008_04,Diego Ribon,3,M,HE,WWE,MC,EM,AB,,,,,,,,,,,,,,,
IT2022_009,Vicini di casa,IT2022_009_01,Claudio Bisio,2,M,HE,WWE,MC,EM,AB,,,,,,,,,,,,,,,
IT2022_010,Il sesso degli angeli,IT2022_010_01,Leonardo Pieraccioni,2,M,HE,WWE,LM,EM,AB,,,,,,,,,,,,,,,
IT2022_012,Il Principe di Roma,IT2022_012_01,Marco Giallini,2,M,HE,WWE,MC,UN,AB,,,,,,,,,,,,,,,
IT2022_013,Astolfo,IT2022_013_01,Gianni Di Gregorio,3,M,HE,WWE,LM,RE,AB,,,,,,,,,,,,,,,
IT2022_013,Astolfo,IT2022_013_02,Stefania Sandrelli,3,F,HE,WWE,MC,RE,AB,,,,,,,,,,,,,,,
IT2022_015,Esterno notte - Parte 1,IT2022_015_01,Fabrizio Gifuni,3,M,HE,WWE,UM,EM,AB,,,,,,,,,,,,,,,
IT2022_015,Esterno notte - Parte 1,IT2022_015_02,Margherita Buy,3,F,HE,WWE,UM,UN,AB,,,,,,,,,,,,,,,
IT2022_016,C'era una volta il crimine,IT2022_016_01,Marco Giallini,2,M,HE,WWE,LM,SE,AB,,,,,,,,,,,,,,,
IT2022_017,Settembre,IT2022_017_01,Fabrizio Bentivoglio,2,M,HE,WWE,MC,EM,AB,,,,,,,,,,,,,,,
IT2022_020,Esterno notte - Parte 2,IT2022_020_01,Fabrizio Gifuni,3,M,HE,WWE,UM,EM,AB,,,,,,,,,,,,,,,
IT2022_020,Esterno notte - Parte 2,IT2022_020_01,Margherita Buy,3,F,HE,WWE,UM,UN,AB,,,,,,,,,,,,,,,
IT2022_021,Tutti a bordo,IT2022_021_01,Giovanni Storti,3,M,HE,WWE,MC,RE,AB,,,,,,,,,,,,,,,
IT2022_021,Tutti a bordo,IT2022_021_02,Carlo Buccirosso,3,M,HE,WWE,LM,EM,AB,,,,,,,,,,,,,,,
IT2022_025,La mia ombra è tua,IT2022_025_01,Marco Giallini,3,M,HE,WWE,MC,SE,AB,,,,,,,,,,,,,,,
IT2022_029,Orlando,IT2022_029_01,Michele Placido,3,M,HE,WWE,LC,SE,AB,,,,,,,,,,,,,,,
IT2022_030,Una boccata d'aria,IT2022_030_01,Aldo Baglio,3,M,HE,WWE,LM,SE,AB,,,,,,,,,,,,,,,
IT2022_032,Gigi la legge,IT2022_032_01,Pier Luigi Mecchia,2,M,HE,WWE,LM,EM,AB,,,,,,,,,,,,,,,
IT2022_034,Acqua e anice,IT2022_034_01,Stefania Sandrelli,4,F,HE,WWE,LM,RE,CI,,,,,,,,,,,,,,,
IT2022_036,Aiuto! È Natale!,IT2022_036_01,Richard Dreyfuss,4,M, ,WWE, ,SE,AB,,,,,,,,,,,,,,,
IT2022_039,Bentu,IT2022_039_01,Peppeddu Cuccu,4,M,,WWE,LC,SE,,,,,,,,,,,,,,,,
IT2022_046,Il Cristo in gola,IT2022_046_01,Antonio Rezza,2,M,,,,,,,,,,,,,,,,,,,,
IT2022_047,Vetro,IT2022_047_01,Tommaso Ragno,2,M,HE,WWE,LM,EM,AB,,,,,,,,,,,,,,,
IT2022_051,Quel posto nel tempo,IT2022_051_01,Leo Gullotta,4,M,HE,WWE,MC,RE,PD,,,,,,,,,,,,,,,
IT2022_054,Femminile Singolare,IT2022_054_01,Catherine Deneuve,3,F,,WWE,UM,EM,AB,,,,,,,,,,,,,,,
IT2022_054,Femminile Singolare,IT2022_054_02,Monica Guerritore,2,F,HE,WWE,LM,EM,AB,,,,,,,,,,,,,,,
IT2022_055,The Last Ride of the Wolves,IT2022_055_01,Pasquale De Michele,3,M,,WWE,LC,SE,AB,,,,,,,,,,,,,,,
IT2022_058,L'angelo dei muri,IT2022_058_01,Pierre Richard,4,M,,WWE,LC,,,,,,,,,,,,,,,,,
IT2022_060,Le voci sole,IT2022_060_01,Giovanni Storti,3,M,HE,WWE,LM,EM,AB,,,,,,,,,,,,,,,
IT2022_060,Le voci sole,IT2022_060_02,Alessandra Faiella,3,F,HE,WWE,LM,SE,AB,,,,,,,,,,,,,,,
IT2022_061,Con chi viaggi,IT2022_061_01,Pasquale Lillo Petrolo,2,M,HE,WWE,LM,SE,AB,,,,,,,,,,,,,,,
IT2022_062,Quattordici giorni - Una storia d'amore,IT2022_062_01,Thomas Trabacchi,2,M,HE,WWE,MC,,AB,,,,,,,,,,,,,,,
IT2022_063,Il mammone,IT2022_063_01,Diego Abatantuono ,3,M,HE,WWE,MC,SE,AB,,,,,,,,,,,,,,,
IT2022_063,Il mammone,IT2022_063_02,Angela Finocchiaro,3,F,HE,WWE,MC,,AB,,,,,,,,,,,,,,,
IT2022_066,My Soul Summer,IT2022_066_01,Tommaso Ragno,3,M,,WWE,,SE,AB,,,,,,,,,,,,,,,
IT2022_070,Mindemic,IT2022_070_01,Giorgio Colangeli ,3,M,HE,WWE,LM,SE,,,,,,,,,,,,,,,,
IT2022_071,(Im)perfetti Criminali,IT2022_071_01,Babak Karimi,2,M,,,LM,EM,AB,MEA,,,,,,,,,,,,,,
IT2022_073,Amici per la pelle,IT2022_073_01,Massimo Ghini,3,M,HE,WWE,MC,SE,AB,,,,,,,,,,,,,,,
IT2022_073,Amici per la pelle,IT2022_073_02,Nancy Brilli,3,F,HE,WWE,MC,,AB,,,,,,,,,,,,,,,
IT2022_076,La Banda del Buffardello e il manoscritto di Leonardo da Vinci,IT2022_076_01,Umberto Smaila,3,M,HE,WWE,MC,SE,AB,,,,,,,,,,,,,,,
IT2022_076,La Banda del Buffardello e il manoscritto di Leonardo da Vinci,IT2022_076_02,Pippo Franco,3,M,HE,WWE,MC,EM,AB,,,,,,,,,,,,,,,
IT2022_076,La Banda del Buffardello e il manoscritto di Leonardo da Vinci,IT2022_076_03,Maurizio Mattioli,3,M,HE,WWE,LM,SE,AB,,,,,,,,,,,,,,,
IT2022_076,La Banda del Buffardello e il manoscritto di Leonardo da Vinci,IT2022_076_04,Max Cavallari,3,M,HE,WWE,MC,SE,AB,,,,,,,,,,,,,,,
IT2022_076,La Banda del Buffardello e il manoscritto di Leonardo da Vinci,IT2022_076_05,Loretta Micheloni,3,F,,WWE,,,AB,,,,,,,,,,,,,,,
IT2022_077,I cassamortari,IT2022_077_01,Massimo Ghini ,3,M,HE,WWE,MC,SE,AB,,,,,,,,,,,,,,,
IT2022_078,Din Don - Il paese dei balocchi,IT2022_078_01,Maurizio Mattioli,3,M,HE,WWE,LM,EM,AB,,,,,,,,,,,,,,,
IT2022_078,Din Don - Il paese dei balocchi,IT2022_078_02,Enzo Salvi,2,M,HE,WWE,LM,EM,AB,,,,,,,,,,,,,,,
IT2022_080,Troppa famiglia!,IT2022_080_01,Antonello Fassari,3,M,HE,WWE,LM,RE,AB,,,,,,,,,,,,,,,
IT2022_080,Troppa famiglia!,IT2022_080_02,Daniela Giordano,3,F,HE,WWE,LM,RE,AB,,,,,,,,,,,,,,,
ES2020_023,Una dona amb unes ales tremendes,ES2020_023_01,Victoria Salvador,3,F,HE,WWE,MC,SE,AB,,,,,,,,,,,,,,,
ES2020_023,Una dona amb unes ales tremendes,ES2020_023_02,Juli Mira,3,M,HE,WWE,MC,SE,AB,,,,,,,,,,,,,,,
ES2020_024,Amalia en el otoño,ES2020_024_01,María José Alfonso,4,F,HE,WWE,MC,RE,AB,,,,,,,,,,,,,,,
ES2020_024,Amalia en el otoño,ES2020_024_02,Máximo Valverde,4,M,HE,WWE,MC,RE,AB,,,,,,,,,,,,,,,
ES2020_024,Amalia en el otoño,ES2020_024_03,Manuel Zarzo,4,M,HE,WWE,MC,RE,AB,,,,,,,,,,,,,,,
ES2020_024,Amalia en el otoño,ES2020_024_04,Guillermo Montesinos,3,M,,WWE,LM,EM,AB,,,,,,,,,,,,,,,
ES2020_024,Amalia en el otoño,ES2020_024_05,Saturnino García,4,M,,WWE,,,,,,,,,,,,,,,,,,
ES2020_024,Amalia en el otoño,ES2020_024_06,Mariano Venancio,3,M,,WWE,UM,EM,AB,,,,,,,,,,,,,,,
ES2020_024,Amalia en el otoño,ES2020_024_07,Carlos Manuel Díaz ,3,M,,WWE,UM,SE,AB,,,,,,,,,,,,,,,
ES2020_024,Amalia en el otoño,ES2020_024_08,Silvia Casanova,4,F,HE,WWE,MC,RE,AB,,,,,,,,,,,,,,,
ES2020_024,Amalia en el otoño,ES2020_024_09,Tony Antonio,3,M,HE,WWE,,,AB,,,,,,,,,,,,,,,
ES2020_024,Amalia en el otoño,ES2020_024_10,Jesús Guzmán,4,M,HE,WWE,MC,RE,AB,,,,,,,,,,,,,,,
ES2020_031,El secreto de Ibosim,ES2020_031_01,Micky Molina,3,M,,WWE,,,,,,,,,,,,,,,,,,
ES2020_031,El secreto de Ibosim,ES2020_031_02,Miriam Díaz Aroca,3,F,,WWE,,,,,,,,,,,,,,,,,,
ES2020_032,Vampus Horror Tales,ES2020_032_01,Saturnino García,4,M,,WWE,,EM,AB,,,,,,,,,,,,,,,
ES2020_032,Vampus Horror Tales,ES2020_032_02,José Lifante,4,M,,WWE,,,,,,,,,,,,,,,,,,
ES2020_032,Vampus Horror Tales,ES2020_032_03,Micky Molina,3,M,,WWE,,,,,,,,,,,,,,,,,,
ES2020_032,Vampus Horror Tales,ES2020_032_04,Lone Fleming,4,F,,WWE,,,,,,,,,,,,,,,,,,
ES2020_044,Estándar,ES2020_044_01,Manuel de Blas,4,M,HE,WWE,UM,SE,AB,,,,,,,,,,,,,,,
ES2020_048,La mancha negra,ES2020_048_01,María Alfonsa Rosso,4,F,HE,WWE,UM,RE,CI,,,,,,,,,,,,,,,
ES2020_048,La mancha negra,ES2020_048_04,Juan Manuel Lara,3,M,,WWE,MC,EM,AB,,,,,,,,,,,,,,,
ES2020_049,Mi gran despedida,ES2020_049_01,Juan Manuel Lara,3,M,,WWE,MC,,AB,,,,,,,,,,,,,,,
ES2020_052,A este lado del mundo,ES2020_052_01,Janfri Topera,3,M,,WWE,UM,EM,AB,,,,,,,,,,,,,,,
ES2020_053,Urubú,ES2020_053_01,José Carabias,3,M,,WWE,UM,EM,AB,,,,,,,,,,,,,,,
ES2020_055,Lúa vermella,ES2020_055_01,"Manuel Tajes ""O Rubio de Camelles""",3,M,,WWE,LM,SE,AB,,,,,,,,,,,,,,,
ES2020_056,Una ventana al mar,ES2020_056_01,Emma Suárez,2,M,HE,WWE,MC,EM,CI,,,,,,,,,,,,,,,
ES2020_056,Una ventana al mar,ES2020_056_02,Akilas Karazisis,3,M,HE,WWE,LM,SE,AB,,,,,,,,,,,,,,,
ES2020_056,Una ventana al mar,ES2020_056_03,Antonis Kafetzopoulos,3,M,,WWE,MC,EM,AB,,,,,,,,,,,,,,,
ES2020_057,Los Hijos de San Luis,ES2020_057_01,José González,3,M,,WWE,MC,EM,AB,,,,,,,,,,,,,,,
ES2020_058,La dona il·legal,ES2020_058_01,Daniel Faraldo,3,M,,,MC,EM,AB,WLA,,,,,,,,,,,,,,
ES2020_058,La dona il·legal,ES2020_058_02,Boris Ruiz,3,M,,WWE,UM,EM,AB,,,,,,,,,,,,,,,
ES2020_058,La dona il·legal,ES2020_058_03,Abdel Aziz El Mountassir,3,M,,,MC,SE,AB,NAF,,,,,,,,,,,,,,
ES2020_059,Blanco en blanco,ES2020_059_01,Alfredo Castro,3,M,,,MC,SE,AB,WLA,,,,,,,,,,,,,,
ES2020_059,Blanco en blanco,ES2020_059_02,Alejandro Goic,3,M,,,MC,EM,AB,WLA,,,,,,,,,,,,,,
ES2020_060,Ons,ES2020_060_01,"Antonio Durán ""Morris""",2,M,HE,WWE,MC,,PD,,,,,,,,,,,,,,,
FR2020_003,Sol,FR2020_003_01,Chantal Lauby,3,F,HE,WWE,UM,SE,AB,,,,,,,,,,,,,,,
FR2020_006,Une belle équipe,FR2020_006_01,Kad Merad,2,M,HE,,MC,EM,AB,,,,,,,,,,,,,,,
FR2020_008,Je ne rêve que de vous,FR2020_008_01,Hippolyte Girardot,3,M,HE,WWE,UC,EM,AB,,,,,,,,,,,,,,,
FR2020_015,Les Traducteurs,FR2020_015_01,Lambert Wilson,3,M,HE,WWE,UC,EM,AB,,,,,,,,,,,,,,,
FR2020_016,L'Esprit de famille,FR2020_016_02,François Berléand,3,M,HE,WWE,UM,RE,AB,,,,,,,,,,,,,,,
FR2020_016,L'Esprit de famille,FR2020_016_02,Josiane Balasko,3,F,HE,WWE,UM,RE,AB,,,,,,,,,,,,,,,
FR2020_019,Les Mélancolies de Sade,FR2020_019_01,Didier Sauvegrain,3,M,HE,WWE,UC,SE,AB,,,,,,,,,,,,,,,
FR2020_020,Ducobu 3,FR2020_020_01,Elie Semoun,2,M,HE,,MC,EM,AB,,,,,,,,,,,,,,,
FR2020_021,#jesuislà,FR2020_021_01,Alain Chabat,3,M,HE,,UM,SE,AB,,,,,,,,,,,,,,,
FR2020_027,La Fille au bracelet,FR2020_027_01,Roshdy Zem,2,M,HE,,UM,EM,AB,,,,,,,,,,,,,,,
FR2020_028,Deux,FR2020_028_02,Barbara Sukowa,3,F,HO,WWE,UM,RE,AB,,,,,,,,,,,,,,,
FR2020_028,Deux,FR2020_028_02,Martine Chevallier,3,F,HO,WWE,UM,RE,TD,,,,,,,,,,,,,,,
FR2020_029,10 jours sans maman,FR2020_029_01,Franck Dubosc,2,M,HE,WWE,UC,EM,AB,,,,,,,,,,,,,,,
FR2020_032,Mine de rien,FR2020_032_01,Philippe Rebbot,2,M,HE,,LM,UN,AB,,,,,,,,,,,,,,,
FR2020_036,De Gaulle,FR2020_036_01,Lambert Wilson,3,M,HE,WWE,UC,EM,AB,,,,,,,,,,,,,,,
FR2020_037,Papi Sitter,FR2020_037_01,Gérard Lanvin,3,M,HE,WWE,MC,RE,AB,,,,,,,,,,,,,,,
FR2020_037,Papi Sitter,FR2020_037_02,Olivier Marchal,3,M,HE,WWE,LM,RE,AB,,,,,,,,,,,,,,,
FR2020_039,La Bonne Épouse,FR2020_039_01,Juliette Binoche,2,F,HE,WWE,UC,SE,AB,,,,,,,,,,,,,,,
FR2020_042,Les Parfums,FR2020_042_01,Emmanuelle Devos,2,F,HE,WWE,UC,SE,AB,,,,,,,,,,,,,,,
FR2020_051,Terrible Jungle,FR2020_051_01,Catherine Deneuve,4,F,HE,WWE,UC,SE,AB,,,,,,,,,,,,,,,
FR2020_056,Belle-fille,FR2020_056_01,Miou-Miou,3,F,HE,WWE,MC,RE,AB,,,,,,,,,,,,,,,
FR2020_058,Effacer l'historique,FR2020_058_01,Denis Podalydès,2,M,HE,WWE,LM,EM,AB,,,,,,,,,,,,,,,
FR2020_058,Effacer l'historique,FR2020_058_02,Corinne Masiero,2,F,HE,WWE,LM,EM,AB,,,,,,,,,,,,,,,
FR2020_060,Poissonsexe,FR2020_060_01,Gustave Kervern,2,M,HE,WWE,UM,EM,AB,,,,,,,,,,,,,,,
FR2020_061,La Daronne,FR2020_061_01,Isabelle Huppert,3,F,HE,WWE,MC,SE,AB,,,,,,,,,,,,,,,
FR2020_063,Un soupçon d'amour,FR2020_063_01,Marianne Basler,2,F,HE,WWE,UC,SE,AB,,,,,,,,,,,,,,,
FR2020_063,Un soupçon d'amour,FR2020_063_02,Fabienne Babe,3,F,HE,WWE,UC,SE,AB,,,,,,,,,,,,,,,
FR2020_063,Un soupçon d'amour,FR2020_063_03,Jean-Philippe Puymartin,3,M,HE,WWE,UC,SE,AB,,,,,,,,,,,,,,,
FR2020_068,J'irai mourir dans les Carpates,FR2020_068_01,Antoine de Maximy,3,M,HE,WWE,UC,SE,AB,,,,,,,,,,,,,,,
FR2020_072,Boutchou,FR2020_073_01,Carole Bouquet,3,F,HE,WWE,UM,RE,AB,,,,,,,,,,,,,,,
FR2020_072,Boutchou,FR2020_073_02,Gérard Darmon,3,M,HE,WWE,UM,RE,AB,,,,,,,,,,,,,,,
FR2020_072,Boutchou,FR2020_073_03,Clémentine Célarié,3,F,HE,WWE,UM,RE,AB,,,,,,,,,,,,,,,
FR2020_072,Boutchou,FR2020_073_04,Pascal Nzonzi,3,M,HE,WWE,UM,RE,AB,,,,,,,,,,,,,,,
FR2020_074,Mon cousin,FR2020_075_01,Vincent Lindon,3,M,HE,WWE,UC,SE,AB,,,,,,,,,,,,,,,
FR2020_085,Adieu les cons,FR2020_086_01,Albert Dupontel,2,M,HE,WWE,UM,EM,AB,,,,,,,,,,,,,,,
FR2020_092,Sous les étoiles de Paris,FR2020_093_01,Catherine Frot,3,F,HE,WWE,LC,UN,AB,,,,,,,,,,,,,,,
FR2020_093,Garçon chiffon,FR2020_094_01,Nathalie Baye,3,F,HE,WWE,MC,RE,AB,,,,,,,,,,,,,,,
ES2020_061,Ilargi Guztiak,ES2020_061_01,Zorion Eguileor,3,M,,WWE,MC,EM,AB,,,,,,,,,,,,,,,
ES2020_063,La isla de las mentiras,ES2020_063_01,Darío Grandinetti,3,M,,,UM,EM,AB,WLA,,,,,,,,,,,,,,
ES2020_063,La isla de las mentiras,ES2020_063_02,Celso Bugallo,4,M,,WWE,LM,,,,,,,,,,,,,,,,,
ES2020_063,La isla de las mentiras,ES2020_063_03,Mela Casal,3,F,,WWE,LM,,,,,,,,,,,,,,,,,
ES2020_064,Hil-Kanpaiak,ES2020_064_01,Kandido Uranga,3,M,,WWE,MC,EM,AB,,,,,,,,,,,,,,,
ES2020_067,Un mundo normal,ES2020_067_01,Magüi Mira,4,F,HE,WWE,UM,RE,AB,,,,,,,,,,,,,,,
ES2019_001,Si yo fuera rico,ES2019_001_01,Antonio Resines,3,M,HE,WWE,MC,RE,AB,,,,,,,,,,,,,,,
ES2019_001,Si yo fuera rico,ES2019_001_02,Isabel Ordaz,3,F,HE,WWE,MC,,AB,,,,,,,,,,,,,,,
ES2019_001,Si yo fuera rico,ES2019_001_03,Jordi Sánchez,2,M,,WWE,UM,SE,AB,,,,,,,,,,,,,,,
ES2019_002,Mientras dure la guerra,ES2019_002_01,Karra Elejalde,3,M,HE,WWE,UM,EM,AB,,,,,,,,,,,,,,,
ES2019_002,Mientras dure la guerra,ES2019_002_02,Eduard Fernández,2,M,HE,WWE,UM,EM,PD,,,,,,,,,,,,,,,
ES2019_002,Mientras dure la guerra,ES2019_002_03,Santi Prego,1,M,HE,WWE,UC,SE,AB,,,,,,,,,,,,,,,
ES2019_002,Mientras dure la guerra,ES2019_002_04,Tito Valverde,3,M,,WWE,UC,SE,AB,,,,,,,,,,,,,,,
ES2019_002,Mientras dure la guerra,ES2019_002_05,Pep Tosar,2,M,,WWE,UM,EM,AB,,,,,,,,,,,,,,,
ES2019_002,Mientras dure la guerra,ES2019_002_06,Itziar Aizpuru,4,F,,WWE,LM,EM,AB,,,,,,,,,,,,,,,
ES2019_003,Dolor y gloria,ES2019_003_01,Antonio Banderas,3,M,HO,WWE,UM,SE,PD,,,,,,,,,,,,,,,
ES2019_003,Dolor y gloria,ES2019_003_02,Julieta Serrano,4,F,HE,WWE,LC,RE,CI,,,,,,,,,,,,,,,
ES2019_003,Dolor y gloria,ES2019_003_03,Susi Sánchez,3,F,HE,WWE,LM,UN,AB,,,,,,,,,,,,,,,
ES2019_004,Perdiendo el Este,ES2019_004_01,Carmen Machi,2,F,HE,WWE,MC,SE,AB,,,,,,,,,,,,,,,
ES2019_004,Perdiendo el Este,ES2019_004_02,Leo Harlem,2,M,HE,WWE,MC,SE,AB,,,,,,,,,,,,,,,
ES2019_005,Quien a hierro mata,ES2019_005_01,Xan Cejudo,4,M,HE,WWE,UM,SE,CI,,,,,,,,,,,,,,,
ES2019_006,Quien a hierro mata,ES2019_006_01,Carlos Bardem,2,M,,WWE,MC,EM,AB,,,,,,,,,,,,,,,
ES2019_007,Legado en los huesos,ES2019_007_01,Imanol Arias,3,M,,WWE,UM,EM,AB,,,,,,,,,,,,,,,
ES2019_007,Legado en los huesos,ES2019_007_02,Susi Sánchez,3,F,HE,WWE,MC,RE,CI,,,,,,,,,,,,,,,
ES2019_007,Legado en los huesos,ES2019_007_03,Ana Wagener,2,F,,WWE,MC,EM,AB,,,,,,,,,,,,,,,
ES2019_007,Legado en los huesos,ES2019_007_04,Itziar Aizpuru,4,F,,WWE,MC,RE,AB,,,,,,,,,,,,,,,
ES2019_007,Legado en los huesos,ES2019_007_05,Francesc Orella,3,M,,WWE,MC,EM,AB,,,,,,,,,,,,,,,
ES2019_008,Los Rodríguez y el más allá,ES2019_008_01,Plácido Domingo,4,M,HE,WWE,UM,SE,AB,,,,,,,,,,,,,,,
ES2019_008,Los Rodríguez y el más allá,ES2019_008_02,Geraldine Chaplin,4,F,HE,WWE,MC,RE,AB,,,,,,,,,,,,,,,
ES2019_008,Los Rodríguez y el más allá,ES2019_008_03,Rossy de Palma,2,F,,WWE,MC,,AB,,,,,,,,,,,,,,,
ES2019_008,Los Rodríguez y el más allá,ES2019_008_04,Enrique Villén,2,M,,WWE,MC,EM,AB,,,,,,,,,,,,,,,
ES2019_008,Los Rodríguez y el más allá,ES2019_008_05,Eduardo Gómez,3,M,,WWE,LM,EM,AB,,,,,,,,,,,,,,,
ES2019_009,Gente que viene y bah,ES2019_009_01,Carmen Maura,3,F,HE,WWE,MC,SE,CI,,,,,,,,,,,,,,,
ES2019_010,La pequeña Suiza,ES2019_010_01,Ramón Barea,3,M,HE,WWE,MC,SE,AB,,,,,,,,,,,,,,,
ES2019_010,La pequeña Suiza,ES2019_010_02,Enrique Villén,3,M,HE,WWE,MC,RE,AB,,,,,,,,,,,,,,,
ES2019_010,La pequeña Suiza,ES2019_010_03,Kandido Uranga,3,M,HE,WWE,MC,RE,AB,,,,,,,,,,,,,,,
ES2019_011,Lo nunca visto,ES2019_011_01,Kiti Mánver,4,F,HE,WWE,LM,RE,AB,,,,,,,,,,,,,,,
ES2019_011,Lo nunca visto,ES2019_011_02,Carmen Machi,2,F,HE,WWE,MC,SE,AB,,,,,,,,,,,,,,,
ES2019_011,Lo nunca visto,ES2019_011_03,Paco Tous,2,M,HE,WWE,MC,SE,AB,,,,,,,,,,,,,,,
IT2020_003,Odio l'estate,IT2020_003_01,Aldo Baglio,,,,,,,,,,,,,,,,,,,,,,
IT2020_003,Odio l'estate,IT2020_003_02,Giacomo Poretti,,,,,,,,,,,,,,,,,,,,,,
IT2020_003,Odio l'estate,IT2020_003_03,Giovanni Storti,,,,,,,,,,,,,,,,,,,,,,
IT2020_004,Gli anni più belli,IT2020_004_01,Pierfrancesco Favino,,,,,,,,,,,,,,,,,,,,,,
IT2020_004,Gli anni più belli,IT2020_004_02,Kim Rossi Stuart,,,,,,,,,,,,,,,,,,,,,,
IT2020_004,Gli anni più belli,IT2020_004_03,Micaela Ramazzotti,,,,,,,,,,,,,,,,,,,,,,
IT2020_004,Gli anni più belli,IT2020_004_04,Claudio Santamaria,,,,,,,,,,,,,,,,,,,,,,
IT2020_005,Hammamet,IT2020_005_01,Pierfrancesco Favino,,,,,,,,,,,,,,,,,,,,,,
IT2020_009,Volevo nascondermi,IT2020_009_01,Elio Germano,,,,,,,,,,,,,,,,,,,,,,
IT2020_010,Lacci,IT2020_010_01,Laura Morante,,,,,,,,,,,,,,,,,,,,,,
IT2020_010,Lacci,IT2020_010_02,Silvio Orlando,,,,,,,,,,,,,,,,,,,,,,
IT2020_011,Waiting for the Barbarians,IT2020_011_01,Mark Rylance,,,,,,,,,,,,,,,,,,,,,,
IT2020_011,Waiting for the Barbarians,IT2020_011_02,Johnny Depp,,,,,,,,,,,,,,,,,,,,,,
IT2020_012,Le sorelle Macaluso,IT2020_012_01,Maria Rosaria Alati,,,,,,,,,,,,,,,,,,,,,,
IT2020_012,Le sorelle Macaluso,IT2020_012_02,Ileana Riganò,,,,,,,,,,,,,,,,,,,,,,
IT2020_012,Le sorelle Macaluso,IT2020_012_03,Rosalba Bologna,,,,,,,,,,,,,,,,,,,,,,
IT2020_014,Non odiare,IT2020_014_01,Alessandro Gassman,,,,,,,,,,,,,,,,,,,,,,
IT2020_015,Lasciami andare,IT2020_015_01,Valeria Golino,,,,,,,,,,,,,,,,,,,,,,
IT2020_016,Lockdown all'italiana,IT2020_016_01,Ezio Greggio,,,,,,,,,,,,,,,,,,,,,,
IT2020_017,Burraco fatale,IT2020_017_01,Angela Finocchiaro,,,,,,,,,,,,,,,,,,,,,,
IT2020_020,I predatori,IT2020_020_01,Massimo Popolizio,,,,,,,,,,,,,,,,,,,,,,
IT2020_021,Mai per sempre,IT2020_021_01,Cristina Donadio,,,,,,,,,,,,,,,,,,,,,,
IT2020_023,Villetta con ospiti,IT2020_023_01,Marco Giallini,,,,,,,,,,,,,,,,,,,,,,
IT2020_024,Lontano lontano,IT2020_024_01,Gianni Di Gregorio,,,,,,,,,,,,,,,,,,,,,,
IT2020_024,Lontano lontano,IT2020_024_02,Ennio Fantastichini,,,,,,,,,,,,,,,,,,,,,,
IT2020_024,Lontano lontano,IT2020_024_03,Giorgio Colangeli,,,,,,,,,,,,,,,,,,,,,,
IT2020_025,Creators: The Past,IT2020_025_01,Gerard Depardieu,,,,,,,,,,,,,,,,,,,,,,
IT2020_025,Creators: The Past,IT2020_025_02,William Shatner,,,,,,,,,,,,,,,,,,,,,,
IT2020_025,Creators: The Past,IT2020_025_03,Bruce Payne,,,,,,,,,,,,,,,,,,,,,,
IT2020_025,Creators: The Past,IT2020_025_04,Marc Fiorini,,,,,,,,,,,,,,,,,,,,,,
IT2020_029,Assandira,IT2020_029_01,Gavino Ledda,,,,,,,,,,,,,,,,,,,,,,
IT2020_031,Picciridda - Con i piedi nella sabbia,IT2020_031_01,Lucia Sardo,,,,,,,,,,,,,,,,,,,,,,
IT2020_032,Ammen,IT2020_032_01,Maurizio Mattioli,,,,,,,,,,,,,,,,,,,,,,
IT2020_032,Ammen,IT2020_032_02,Davide Marotta,,,,,,,,,,,,,,,,,,,,,,
IT2020_034,L'agnello,IT2020_034_01,Luciano Curreli,,,,,,,,,,,,,,,,,,,,,,
IT2020_035,Siberia,IT2020_035_01,Willem Dafoe,,,,,,,,,,,,,,,,,,,,,,
IT2020_039,Palazzo di giustizia,IT2020_039_01,Nicola Rignanese,,,,,,,,,,,,,,,,,,,,,,
IT2020_040,Il Drago di Romagna,IT2020_040_01,Dilva Ragazzini,,,,,,,,,,,,,,,,,,,,,,
IT2020_041,Il Ladro di Cardellini,IT2020_041_01,Nando Paone,,,,,,,,,,,,,,,,,,,,,,
IT2020_042,Sulle mie spalle,IT2020_042_01,Paolo De Vita,,,,,,,,,,,,,,,,,,,,,,
IT2020_043,La volta buona,IT2020_043_01,Massimo Ghini,,,,,,,,,,,,,,,,,,,,,,
IT2020_045,La vacanza,IT2020_045_01,Catherine Spaak,,,,,,,,,,,,,,,,,,,,,,
IT2020_047,Buio,IT2020_047_01,Valerio Binasco,,,,,,,,,,,,,,,,,,,,,,
IT2020_050,La partita,IT2020_050_01,Francesco Pannofino,,,,,,,,,,,,,,,,,,,,,,
IT2020_050,La partita,IT2020_050_02,Alberto Di Stasio,,,,,,,,,,,,,,,,,,,,,,
IT2020_051,Nour,IT2020_051_01,Sergio Castellitto,,,,,,,,,,,,,,,,,,,,,,
IT2020_052,La Val che urla,IT2020_052_01,Piergiorgio Piccoli,,,,,,,,,,,,,,,,,,,,,,
IT2020_058,D.N.A.: Decisamente non adatti,IT2020_058_01,Claudio Greg Gregori,,,,,,,,,,,,,,,,,,,,,,
IT2020_058,D.N.A.: Decisamente non adatti,IT2020_058_02,Pasquale Lillo Petrolo,,,,,,,,,,,,,,,,,,,,,,
IT2020_060,Al Dio ignoto,IT2020_060_01,Paolo Bonacelli,,,,,,,,,,,,,,,,,,,,,,
IT2020_061,Una storia d'arte,IT2020_061_01,Loretta Micheloni ,,,,,,,,,,,,,,,,,,,,,,
IT2020_063,Un eretico in corsia - a heretic in the ward,IT2020_063_01,Ciro Scalera,,,,,,,,,,,,,,,,,,,,,,
IT2020_064,Lui è mio padre,IT2020_064_01,Gianni Parisi,,,,,,,,,,,,,,,,,,,,,,
IT2020_064,Lui è mio padre,IT2020_064_02,Tony Sperandeo,,,,,,,,,,,,,,,,,,,,,,
IT2020_064,Lui è mio padre,IT2020_064_03,Giacomo Rizzo,,,,,,,,,,,,,,,,,,,,,,
IT2020_067,La mia banda suona il pop,IT2020_067_01,Christian De Sica,,,,,,,,,,,,,,,,,,,,,,
IT2020_067,La mia banda suona il pop,IT2020_067_02,Massimo Ghini,,,,,,,,,,,,,,,,,,,,,,
IT2020_067,La mia banda suona il pop,IT2020_067_03,Angela Finocchiaro,,,,,,,,,,,,,,,,,,,,,,
IT2020_067,La mia banda suona il pop,IT2020_067_04,Paolo Rossi,,,,,,,,,,,,,,,,,,,,,,
IT2020_067,La mia banda suona il pop,IT2020_067_05,Diego Abatantuono,,,,,,,,,,,,,,,,,,,,,,
IT2020_069,La vita davanti a sé,IT2020_069_01,Sofia Loren ,,,,,,,,,,,,,,,,,,,,,,
IT2020_070,Last words,IT2020_070_01,Charlotte Rampling,,,,,,,,,,,,,,,,,,,,,,
IT2020_070,Last words,IT2020_070_02, Nick Nolte,,,,,,,,,,,,,,,,,,,,,,
IT2020_070,Last words,IT2020_070_03,Stellan Skarsgård ,,,,,,,,,,,,,,,,,,,,,,
IT2020_071,È per il tuo bene,IT2020_071_01,Marco Giallini,,,,,,,,,,,,,,,,,,,,,,
IT2020_071,È per il tuo bene,IT2020_071_02,Isabella Ferrari,,,,,,,,,,,,,,,,,,,,,,
IT2020_071,È per il tuo bene,IT2020_071_03,Vincenzo Salemme,,,,,,,,,,,,,,,,,,,,,,
ES2019_013,O que arde,ES2019_013_01,Benedicta Sánchez,4,F,HE,WWE,LM,SE,AB,,,,,,,,,,,,,,,
ES2019_016,La hija de un ladrón,ES2019_016_01,Eduard Fernández,2,M,HE,WWE,LM,SE,AB,,,,,,,,,,,,,,,
ES2019_017,El hoyo,ES2019_017_01,Antonia San Juan,,,,,,,,,,,,,,,,,,,,,,
ES2019_017,El hoyo,ES2019_017_02,Zorion Eguileor,,,,,,,,,,,,,,,,,,,,,,
ES2019_018,El crack cero,ES2019_018_01,Luisa Gavasa,3,F,,WWE,LM,EM,,,,,,,,,,,,,,,,
ES2019_018,El crack cero,ES2019_018_02,Ramón Langa,3,M,,WWE,UC,SE,AB,,,,,,,,,,,,,,,
ES2019_018,El crack cero,ES2019_018_03,Pedro Casablanc,2,M,,WWE,UM,EM,AB,,,,,,,,,,,,,,,
ES2019_019,Abuelos,ES2019_019_01,Carlos Iglesias,3,M,HE,WWE,LM,UN,AB,,,,,,,,,,,,,,,
ES2019_019,Abuelos,ES2019_019_02,Roberto Álvarez,3,M,HE,WWE,LM,UN,AB,,,,,,,,,,,,,,,
ES2019_019,Abuelos,ES2019_019_03,Ramón Barea,3,M,HE,WWE,LM,UN,AB,,,,,,,,,,,,,,,
ES2019_019,Abuelos,ES2019_019_04,Mercedes Sampietro,3,F,HE,WWE,MC,,AB,,,,,,,,,,,,,,,
ES2019_020,4 latas,ES2019_020_01,Jean Reno,3,M,HE,WWE,UM,SE,AB,,,,,,,,,,,,,,,
ES2019_020,4 latas,ES2019_020_02,Enrique San Francisco,3,M,HE,WWE,LC,UN,CI,,,,,,,,,,,,,,,
ES2019_021,Vivir dos veces,ES2019_021_01,Oscar Martínez,3,M,HE,WWE,UM,RE,PD,,,,,,,,,,,,,,,
ES2019_022,El silencio del pantano,ES2019_022_01,Carmina Barrios,3,M,HE,,UM,SE,AB,ROM,,,,,,,,,,,,,,
ES2019_022,El silencio del pantano,ES2019_022_02,José Ángel Egido,3,F,,WWE,UM,EM,AB,,,,,,,,,,,,,,,
ES2019_023,Remember me,ES2019_023_01,Bruce Dern,4,M,HE,WNA,MC,RE,AB,,,,,,,,,,,,,,,
ES2019_023,Remember me,ES2019_023_02,Caroline Silhol,4,F,HE,WNA,MC,RE,PD,,,,,,,,,,,,,,,
ES2019_023,Remember me,ES2019_023_03,Brian Cox,4,M,,WWE,MC,RE,AB,,,,,,,,,,,,,,,
ES2019_023,Remember me,ES2019_023_04,Verónica Forqué,3,F,,WWE,MC,EM,AB,,,,,,,,,,,,,,,
ES2019_024,Salir del ropero,ES2019_024_01,Verónica Forqué,3,F,HO,WWE,MC,RE,AB,,,,,,,,,,,,,,,
ES2019_024,Salir del ropero,ES2019_024_02,Rosa Maria Sardà,4,F,HO,WWE,MC,RE,AB,,,,,,,,,,,,,,,
,,,,,,,,,,,,,,,,,,,,,,,,,
,,,,,,,,,,,,,,,,,,,,,,,,,
,,,,,,,,,,,,,,,,,,,,,,,,,
,,,,,,,,,,,,,,,,,,,,,,,,,
,,,,,,,,,,,,,,,,,,,,,,,,,
,,,,,,,,,,,,,,,,,,,,,,,,,
,,,,,,,,,,,,,,,,,,,,,,,,,
,,,,,,,,,,,,,,,,,,,,,,,,,
,,,,,,,,,,,,,,,,,,,,,,,,,
,,,,,,,,,,,,,,,,,,,,,,,,,
,,,,,,,,,,,,,,,,,,,,,,,,,
,,,,,,,,,,,,,,,,,,,,,,,,,
,,,,,,,,,,,,,,,,,,,,,,,,,
,,,,,,,,,,,,,,,,,,,,,,,,,
,,,,,,,,,,,,,,,,,,,,,,,,,
,,,,,,,,,,,,,,,,,,,,,,,,,
,,,,,,,,,,,,,,,,,,,,,,,,,
,,,,,,,,,,,,,,,,,,,,,,,,,
,,,,,,,,,,,,,,,,,,,,,,,,,
,,,,,,,,,,,,,,,,,,,,,,,,,
,,,,,,,,,,,,,,,,,,,,,,,,,
,,,,,,,,,,,,,,,,,,,,,,,,,
,,,,,,,,,,,,,,,,,,,,,,,,,
,,,,,,,,,,,,,,,,,,,,,,,,,
,,,,,,,,,,,,,,,,,,,,,,,,,
,,,,,,,,,,,,,,,,,,,,,,,,,
,,,,,,,,,,,,,,,,,,,,,,,,,
,,,,,,,,,,,,,,,,,,,,,,,,,
,,,,,,,,,,,,,,,,,,,,,,,,,
,,,,,,,,,,,,,,,,,,,,,,,,,
,,,,,,,,,,,,,,,,,,,,,,,,,
,,,,,,,,,,,,,,,,,,,,,,,,,
,,,,,,,,,,,,,,,,,,,,,,,,,
,,,,,,,,,,,,,,,,,,,,,,,,,
,,,,,,,,,,,,,,,,,,,,,,,,,
,,,,,,,,,,,,,,,,,,,,,,,,,
,,,,,,,,,,,,,,,,,,,,,,,,,
,,,,,,,,,,,,,,,,,,,,,,,,,
,,,,,,,,,,,,,,,,,,,,,,,,,
,,,,,,,,,,,,,,,,,,,,,,,,,
,,,,,,,,,,,,,,,,,,,,,,,,,
,,,,,,,,,,,,,,,,,,,,,,,,,
,,,,,,,,,,,,,,,,,,,,,,,,,
,,,,,,,,,,,,,,,,,,,,,,,,,
,,,,,,,,,,,,,,,,,,,,,,,,,
,,,,,,,,,,,,,,,,,,,,,,,,,
,,,,,,,,,,,,,,,,,,,,,,,,,
,,,,,,,,,,,,,,,,,,,,,,,,,
,,,,,,,,,,,,,,,,,,,,,,,,,
,,,,,,,,,,,,,,,,,,,,,,,,,
,,,,,,,,,,,,,,,,,,,,,,,,,
,,,,,,,,,,,,,,,,,,,,,,,,,
,,,,,,,,,,,,,,,,,,,,,,,,,
,,,,,,,,,,,,,,,,,,,,,,,,,
,,,,,,,,,,,,,,,,,,,,,,,,,
,,,,,,,,,,,,,,,,,,,,,,,,,
,,,,,,,,,,,,,,,,,,,,,,,,,
,,,,,,,,,,,,,,,,,,,,,,,,,
,,,,,,,,,,,,,,,,,,,,,,,,,
,,,,,,,,,,,,,,,,,,,,,,,,,
,,,,,,,,,,,,,,,,,,,,,,,,,
,,,,,,,,,,,,,,,,,,,,,,,,,
,,,,,,,,,,,,,,,,,,,,,,,,,
,,,,,,,,,,,,,,,,,,,,,,,,,
,,,,,,,,,,,,,,,,,,,,,,,,,
,,,,,,,,,,,,,,,,,,,,,,,,,
,,,,,,,,,,,,,,,,,,,,,,,,,
,,,,,,,,,,,,,,,,,,,,,,,,,
,,,,,,,,,,,,,,,,,,,,,,,,,
,,,,,,,,,,,,,,,,,,,,,,,,,
,,,,,,,,,,,,,,,,,,,,,,,,,
,,,,,,,,,,,,,,,,,,,,,,,,,
,,,,,,,,,,,,,,,,,,,,,,,,,
,,,,,,,,,,,,,,,,,,,,,,,,,
,,,,,,,,,,,,,,,,,,,,,,,,,
,,,,,,,,,,,,,,,,,,,,,,,,,
,,,,,,,,,,,,,,,,,,,,,,,,,
,,,,,,,,,,,,,,,,,,,,,,,,,
,,,,,,,,,,,,,,,,,,,,,,,,,
,,,,,,,,,,,,,,,,,,,,,,,,,
,,,,,,,,,,,,,,,,,,,,,,,,,
,,,,,,,,,,,,,,,,,,,,,,,,,
,,,,,,,,,,,,,,,,,,,,,,,,,
,,,,,,,,,,,,,,,,,,,,,,,,,
,,,,,,,,,,,,,,,,,,,,,,,,,
,,,,,,,,,,,,,,,,,,,,,,,,,
,,,,,,,,,,,,,,,,,,,,,,,,,
,,,,,,,,,,,,,,,,,,,,,,,,,
,,,,,,,,,,,,,,,,,,,,,,,,,
,,,,,,,,,,,,,,,,,,,,,,,,,
,,,,,,,,,,,,,,,,,,,,,,,,,
,,,,,,,,,,,,,,,,,,,,,,,,,
,,,,,,,,,,,,,,,,,,,,,,,,,
,,,,,,,,,,,,,,,,,,,,,,,,,
,,,,,,,,,,,,,,,,,,,,,,,,,
,,,,,,,,,,,,,,,,,,,,,,,,,
,,,,,,,,,,,,,,,,,,,,,,,,,
,,,,,,,,,,,,,,,,,,,,,,,,,
,,,,,,,,,,,,,,,,,,,,,,,,,
,,,,,,,,,,,,,,,,,,,,,,,,,
,,,,,,,,,,,,,,,,,,,,,,,,,
,,,,,,,,,,,,,,,,,,,,,,,,,
,,,,,,,,,,,,,,,,,,,,,,,,,
,,,,,,,,,,,,,,,,,,,,,,,,,
,,,,,,,,,,,,,,,,,,,,,,,,,
,,,,,,,,,,,,,,,,,,,,,,,,,
,,,,,,,,,,,,,,,,,,,,,,,,,
,,,,,,,,,,,,,,,,,,,,,,,,,
,,,,,,,,,,,,,,,,,,,,,,,,,
,,,,,,,,,,,,,,,,,,,,,,,,,
,,,,,,,,,,,,,,,,,,,,,,,,,
,,,,,,,,,,,,,,,,,,,,,,,,,
,,,,,,,,,,,,,,,,,,,,,,,,,
,,,,,,,,,,,,,,,,,,,,,,,,,
,,,,,,,,,,,,,,,,,,,,,,,,,
,,,,,,,,,,,,,,,,,,,,,,,,,
,,,,,,,,,,,,,,,,,,,,,,,,,
,,,,,,,,,,,,,,,,,,,,,,,,,
,,,,,,,,,,,,,,,,,,,,,,,,,
,,,,,,,,,,,,,,,,,,,,,,,,,
,,,,,,,,,,,,,,,,,,,,,,,,,
,,,,,,,,,,,,,,,,,,,,,,,,,
,,,,,,,,,,,,,,,,,,,,,,,,,
,,,,,,,,,,,,,,,,,,,,,,,,,
,,,,,,,,,,,,,,,,,,,,,,,,,
,,,,,,,,,,,,,,,,,,,,,,,,,
,,,,,,,,,,,,,,,,,,,,,,,,,
,,,,,,,,,,,,,,,,,,,,,,,,,
,,,,,,,,,,,,,,,,,,,,,,,,,
,,,,,,,,,,,,,,,,,,,,,,,,,
,,,,,,,,,,,,,,,,,,,,,,,,,
,,,,,,,,,,,,,,,,,,,,,,,,,
,,,,,,,,,,,,,,,,,,,,,,,,,
,,,,,,,,,,,,,,,,,,,,,,,,,
,,,,,,,,,,,,,,,,,,,,,,,,,
,,,,,,,,,,,,,,,,,,,,,,,,,
,,,,,,,,,,,,,,,,,,,,,,,,,
,,,,,,,,,,,,,,,,,,,,,,,,,
,,,,,,,,,,,,,,,,,,,,,,,,,
,,,,,,,,,,,,,,,,,,,,,,,,,
,,,,,,,,,,,,,,,,,,,,,,,,,
,,,,,,,,,,,,,,,,,,,,,,,,,
,,,,,,,,,,,,,,,,,,,,,,,,,
,,,,,,,,,,,,,,,,,,,,,,,,,
,,,,,,,,,,,,,,,,,,,,,,,,,
,,,,,,,,,,,,,,,,,,,,,,,,,
,,,,,,,,,,,,,,,,,,,,,,,,,
,,,,,,,,,,,,,,,,,,,,,,,,,
,,,,,,,,,,,,,,,,,,,,,,,,,
,,,,,,,,,,,,,,,,,,,,,,,,,
,,,,,,,,,,,,,,,,,,,,,,,,,
,,,,,,,,,,,,,,,,,,,,,,,,,
,,,,,,,,,,,,,,,,,,,,,,,,,
,,,,,,,,,,,,,,,,,,,,,,,,,
,,,,,,,,,,,,,,,,,,,,,,,,,
,,,,,,,,,,,,,,,,,,,,,,,,,
,,,,,,,,,,,,,,,,,,,,,,,,,
,,,,,,,,,,,,,,,,,,,,,,,,,
,,,,,,,,,,,,,,,,,,,,,,,,,
,,,,,,,,,,,,,,,,,,,,,,,,,
,,,,,,,,,,,,,,,,,,,,,,,,,
,,,,,,,,,,,,,,,,,,,,,,,,,
,,,,,,,,,,,,,,,,,,,,,,,,,
,,,,,,,,,,,,,,,,,,,,,,,,,
,,,,,,,,,,,,,,,,,,,,,,,,,
,,,,,,,,,,,,,,,,,,,,,,,,,
,,,,,,,,,,,,,,,,,,,,,,,,,
,,,,,,,,,,,,,,,,,,,,,,,,,
,,,,,,,,,,,,,,,,,,,,,,,,,
,,,,,,,,,,,,,,,,,,,,,,,,,
,,,,,,,,,,,,,,,,,,,,,,,,,
,,,,,,,,,,,,,,,,,,,,,,,,,
,,,,,,,,,,,,,,,,,,,,,,,,,
,,,,,,,,,,,,,,,,,,,,,,,,,
,,,,,,,,,,,,,,,,,,,,,,,,,
,,,,,,,,,,,,,,,,,,,,,,,,,
,,,,,,,,,,,,,,,,,,,,,,,,,
,,,,,,,,,,,,,,,,,,,,,,,,,
,,,,,,,,,,,,,,,,,,,,,,,,,
,,,,,,,,,,,,,,,,,,,,,,,,,
,,,,,,,,,,,,,,,,,,,,,,,,,
,,,,,,,,,,,,,,,,,,,,,,,,,
,,,,,,,,,,,,,,,,,,,,,,,,,
,,,,,,,,,,,,,,,,,,,,,,,,,
,,,,,,,,,,,,,,,,,,,,,,,,,
,,,,,,,,,,,,,,,,,,,,,,,,,
,,,,,,,,,,,,,,,,,,,,,,,,,
,,,,,,,,,,,,,,,,,,,,,,,,,
,,,,,,,,,,,,,,,,,,,,,,,,,
,,,,,,,,,,,,,,,,,,,,,,,,,
,,,,,,,,,,,,,,,,,,,,,,,,,
,,,,,,,,,,,,,,,,,,,,,,,,,
,,,,,,,,,,,,,,,,,,,,,,,,,
,,,,,,,,,,,,,,,,,,,,,,,,,
,,,,,,,,,,,,,,,,,,,,,,,,,
,,,,,,,,,,,,,,,,,,,,,,,,,
,,,,,,,,,,,,,,,,,,,,,,,,,
,,,,,,,,,,,,,,,,,,,,,,,,,
,,,,,,,,,,,,,,,,,,,,,,,,,
,,,,,,,,,,,,,,,,,,,,,,,,,
,,,,,,,,,,,,,,,,,,,,,,,,,
,,,,,,,,,,,,,,,,,,,,,,,,,
,,,,,,,,,,,,,,,,,,,,,,,,,
,,,,,,,,,,,,,,,,,,,,,,,,,
,,,,,,,,,,,,,,,,,,,,,,,,,
,,,,,,,,,,,,,,,,,,,,,,,,,
,,,,,,,,,,,,,,,,,,,,,,,,,
,,,,,,,,,,,,,,,,,,,,,,,,,
,,,,,,,,,,,,,,,,,,,,,,,,,
,,,,,,,,,,,,,,,,,,,,,,,,,
,,,,,,,,,,,,,,,,,,,,,,,,,
,,,,,,,,,,,,,,,,,,,,,,,,,
,,,,,,,,,,,,,,,,,,,,,,,,,
,,,,,,,,,,,,,,,,,,,,,,,,,
,,,,,,,,,,,,,,,,,,,,,,,,,
,,,,,,,,,,,,,,,,,,,,,,,,,
,,,,,,,,,,,,,,,,,,,,,,,,,
,,,,,,,,,,,,,,,,,,,,,,,,,
,,,,,,,,,,,,,,,,,,,,,,,,,
,,,,,,,,,,,,,,,,,,,,,,,,,
,,,,,,,,,,,,,,,,,,,,,,,,,
,,,,,,,,,,,,,,,,,,,,,,,,,
,,,,,,,,,,,,,,,,,,,,,,,,,
,,,,,,,,,,,,,,,,,,,,,,,,,
,,,,,,,,,,,,,,,,,,,,,,,,,
,,,,,,,,,,,,,,,,,,,,,,,,,
,,,,,,,,,,,,,,,,,,,,,,,,,
,,,,,,,,,,,,,,,,,,,,,,,,,
,,,,,,,,,,,,,,,,,,,,,,,,,
,,,,,,,,,,,,,,,,,,,,,,,,,
,,,,,,,,,,,,,,,,,,,,,,,,,
,,,,,,,,,,,,,,,,,,,,,,,,,
,,,,,,,,,,,,,,,,,,,,,,,,,
,,,,,,,,,,,,,,,,,,,,,,,,,
,,,,,,,,,,,,,,,,,,,,,,,,,
,,,,,,,,,,,,,,,,,,,,,,,,,
,,,,,,,,,,,,,,,,,,,,,,,,,
,,,,,,,,,,,,,,,,,,,,,,,,,
,,,,,,,,,,,,,,,,,,,,,,,,,
,,,,,,,,,,,,,,,,,,,,,,,,,
,,,,,,,,,,,,,,,,,,,,,,,,,
,,,,,,,,,,,,,,,,,,,,,,,,,
,,,,,,,,,,,,,,,,,,,,,,,,,
,,,,,,,,,,,,,,,,,,,,,,,,,
,,,,,,,,,,,,,,,,,,,,,,,,,
,,,,,,,,,,,,,,,,,,,,,,,,,
,,,,,,,,,,,,,,,,,,,,,,,,,
,,,,,,,,,,,,,,,,,,,,,,,,,
,,,,,,,,,,,,,,,,,,,,,,,,,
,,,,,,,,,,,,,,,,,,,,,,,,,
,,,,,,,,,,,,,,,,,,,,,,,,,
,,,,,,,,,,,,,,,,,,,,,,,,,
,,,,,,,,,,,,,,,,,,,,,,,,,
,,,,,,,,,,,,,,,,,,,,,,,,,
,,,,,,,,,,,,,,,,,,,,,,,,,
,,,,,,,,,,,,,,,,,,,,,,,,,
,,,,,,,,,,,,,,,,,,,,,,,,,
,,,,,,,,,,,,,,,,,,,,,,,,,
,,,,,,,,,,,,,,,,,,,,,,,,,
,,,,,,,,,,,,,,,,,,,,,,,,,
,,,,,,,,,,,,,,,,,,,,,,,,,
,,,,,,,,,,,,,,,,,,,,,,,,,
,,,,,,,,,,,,,,,,,,,,,,,,,
,,,,,,,,,,,,,,,,,,,,,,,,,
,,,,,,,,,,,,,,,,,,,,,,,,,
,,,,,,,,,,,,,,,,,,,,,,,,,
,,,,,,,,,,,,,,,,,,,,,,,,,
,,,,,,,,,,,,,,,,,,,,,,,,,
,,,,,,,,,,,,,,,,,,,,,,,,,
,,,,,,,,,,,,,,,,,,,,,,,,,
,,,,,,,,,,,,,,,,,,,,,,,,,
,,,,,,,,,,,,,,,,,,,,,,,,,
,,,,,,,,,,,,,,,,,,,,,,,,,
,,,,,,,,,,,,,,,,,,,,,,,,,
,,,,,,,,,,,,,,,,,,,,,,,,,
,,,,,,,,,,,,,,,,,,,,,,,,,
,,,,,,,,,,,,,,,,,,,,,,,,,
,,,,,,,,,,,,,,,,,,,,,,,,,
,,,,,,,,,,,,,,,,,,,,,,,,,
,,,,,,,,,,,,,,,,,,,,,,,,,
,,,,,,,,,,,,,,,,,,,,,,,,,
,,,,,,,,,,,,,,,,,,,,,,,,,
,,,,,,,,,,,,,,,,,,,,,,,,,
,,,,,,,,,,,,,,,,,,,,,,,,,
,,,,,,,,,,,,,,,,,,,,,,,,,
,,,,,,,,,,,,,,,,,,,,,,,,,
,,,,,,,,,,,,,,,,,,,,,,,,,
,,,,,,,,,,,,,,,,,,,,,,,,,
,,,,,,,,,,,,,,,,,,,,,,,,,
,,,,,,,,,,,,,,,,,,,,,,,,,
,,,,,,,,,,,,,,,,,,,,,,,,,
,,,,,,,,,,,,,,,,,,,,,,,,,
,,,,,,,,,,,,,,,,,,,,,,,,,
,,,,,,,,,,,,,,,,,,,,,,,,,
,,,,,,,,,,,,,,,,,,,,,,,,,
,,,,,,,,,,,,,,,,,,,,,,,,,
,,,,,,,,,,,,,,,,,,,,,,,,,
,,,,,,,,,,,,,,,,,,,,,,,,,
,,,,,,,,,,,,,,,,,,,,,,,,,
,,,,,,,,,,,,,,,,,,,,,,,,,
,,,,,,,,,,,,,,,,,,,,,,,,,
,,,,,,,,,,,,,,,,,,,,,,,,,
,,,,,,,,,,,,,,,,,,,,,,,,,
,,,,,,,,,,,,,,,,,,,,,,,,,
,,,,,,,,,,,,,,,,,,,,,,,,,
,,,,,,,,,,,,,,,,,,,,,,,,,
,,,,,,,,,,,,,,,,,,,,,,,,,
,,,,,,,,,,,,,,,,,,,,,,,,,
,,,,,,,,,,,,,,,,,,,,,,,,,
,,,,,,,,,,,,,,,,,,,,,,,,,
,,,,,,,,,,,,,,,,,,,,,,,,,
,,,,,,,,,,,,,,,,,,,,,,,,,
,,,,,,,,,,,,,,,,,,,,,,,,,
,,,,,,,,,,,,,,,,,,,,,,,,,
,,,,,,,,,,,,,,,,,,,,,,,,,
,,,,,,,,,,,,,,,,,,,,,,,,,
,,,,,,,,,,,,,,,,,,,,,,,,,
,,,,,,,,,,,,,,,,,,,,,,,,,
,,,,,,,,,,,,,,,,,,,,,,,,,
,,,,,,,,,,,,,,,,,,,,,,,,,
,,,,,,,,,,,,,,,,,,,,,,,,,
,,,,,,,,,,,,,,,,,,,,,,,,,
,,,,,,,,,,,,,,,,,,,,,,,,,
,,,,,,,,,,,,,,,,,,,,,,,,,
,,,,,,,,,,,,,,,,,,,,,,,,,
,,,,,,,,,,,,,,,,,,,,,,,,,
,,,,,,,,,,,,,,,,,,,,,,,,,
,,,,,,,,,,,,,,,,,,,,,,,,,
,,,,,,,,,,,,,,,,,,,,,,,,,
,,,,,,,,,,,,,,,,,,,,,,,,,
,,,,,,,,,,,,,,,,,,,,,,,,,
,,,,,,,,,,,,,,,,,,,,,,,,,
,,,,,,,,,,,,,,,,,,,,,,,,,
,,,,,,,,,,,,,,,,,,,,,,,,,
,,,,,,,,,,,,,,,,,,,,,,,,,
