film_id,nat_title,film_country,prod_share,,,,,,,,,,,,,,,,,,,,,,
FR2021_001,Envole-moi,FR,MAJ,,,,,,,,,,,,,,,,,,,,,,
FR2021_001,Envole-moi,IT,MIN,,,,,,,,,,,,,,,,,,,,,,
FR2021_002,L'Étreinte,FR,MAJ,,,,,,,,,,,,,,,,,,,,,,
FR2021_003,Le Dernier Voyage,FR,MIN,,,,,,,,,,,,,,,,,,,,,,
FR2021_004,Mandibules,FR,MAJ,,,,,,,,,,,,,,,,,,,,,,
FR2021_005,Le Grand Secret du lien,FR,MAJ,,,,,,,,,,,,,,,,,,,,,,
FR2021_006,Si le vent tombe,FR,MAJ,,,,,,,,,,,,,,,,,,,,,,
FR2021_006,Si le vent tombe,AM,MIN,,,,,,,,,,,,,,,,,,,,,,
FR2021_006,Si le vent tombe,BE,MIN,,,,,,,,,,,,,,,,,,,,,,
FR2021_007,Vers la bataille,FR,MAJ,,,,,,,,,,,,,,,,,,,,,,
FR2021_007,Vers la bataille,CO,MIN,,,,,,,,,,,,,,,,,,,,,,
FR2021_008,Chacun chez soi,FR,MAJ,,,,,,,,,,,,,,,,,,,,,,
FR2021_009,Des hommes,FR,MAJ,,,,,,,,,,,,,,,,,,,,,,
FR2021_009,Des hommes,BE,MIN,,,,,,,,,,,,,,,,,,,,,,
FR2021_010,Playlist,FR,MAJ,,,,,,,,,,,,,,,,,,,,,,
FR2021_011,Villa Caprice,FR,MAJ,,,,,,,,,,,,,,,,,,,,,,
FR2021_011,Villa Caprice,BE,MIN,,,,,,,,,,,,,,,,,,,,,,
FR2021_012,'May B',FR,MAJ,,,,,,,,,,,,,,,,,,,,,,
FR2021_013,L'Instant présent,FR,MAJ,,,,,,,,,,,,,,,,,,,,,,
FR2021_014,Le Discours,FR,MAJ,,,,,,,,,,,,,,,,,,,,,,
FR2021_014,Le Discours,BE,MIN,,,,,,,,,,,,,,,,,,,,,,
FR2021_015,Vaurien,FR,MAJ,,,,,,,,,,,,,,,,,,,,,,
FR2021_016,5ème Set,FR,MAJ,,,,,,,,,,,,,,,,,,,,,,
FR2021_017,La Nuée,FR,MAJ,,,,,,,,,,,,,,,,,,,,,,
FR2021_018,Les 2 Alfred,FR,MAJ,,,,,,,,,,,,,,,,,,,,,,
FR2021_019,Seize Printemps,FR,MAJ,,,,,,,,,,,,,,,,,,,,,,
FR2021_020,Un tour chez ma fille,FR,MAJ,,,,,,,,,,,,,,,,,,,,,,
FR2021_021,Gagarine,FR,MAJ,,,,,,,,,,,,,,,,,,,,,,
FR2021_022,Ibrahim,FR,MAJ,,,,,,,,,,,,,,,,,,,,,,
FR2021_023,Opération Portugal,FR,MAJ,,,,,,,,,,,,,,,,,,,,,,
FR2021_024,Tokyo Shaking,FR,MAJ,,,,,,,,,,,,,,,,,,,,,,
FR2021_024,Tokyo Shaking,BE,MIN,,,,,,,,,,,,,,,,,,,,,,
FR2021_025,La Fine Fleur,FR,MAJ,,,,,,,,,,,,,,,,,,,,,,
FR2021_026,Le Sens de la famille,FR,MAJ,,,,,,,,,,,,,,,,,,,,,,
FR2021_026,Le Sens de la famille,BE,MIN,,,,,,,,,,,,,,,,,,,,,,
FR2021_027,Présidents,FR,MAJ,,,,,,,,,,,,,,,,,,,,,,
FR2021_028,Soeurs,FR,MAJ,,,,,,,,,,,,,,,,,,,,,,
FR2021_028,Soeurs,DZ,MIN,,,,,,,,,,,,,,,,,,,,,,
FR2021_029,Sous le ciel d'Alice,FR,MAJ,,,,,,,,,,,,,,,,,,,,,,
FR2021_030,Teddy,FR,MAJ,,,,,,,,,,,,,,,,,,,,,,
FR2021_031,The Deep House,FR,MAJ,,,,,,,,,,,,,,,,,,,,,,
FR2021_031,The Deep House,BE,MIN,,,,,,,,,,,,,,,,,,,,,,
FR2021_032,Benedetta,FR,MAJ,,,,,,,,,,,,,,,,,,,,,,
FR2021_032,Benedetta,BE,MIN,,,,,,,,,,,,,,,,,,,,,,
FR2021_032,Benedetta,NL,MIN,,,,,,,,,,,,,,,,,,,,,,
FR2021_033,Bergman Island,FR,MAJ,,,,,,,,,,,,,,,,,,,,,,
FR2021_033,Bergman Island,BE,MIN,,,,,,,,,,,,,,,,,,,,,,
FR2021_033,Bergman Island,DE,MIN,,,,,,,,,,,,,,,,,,,,,,
FR2021_033,Bergman Island,SE,MIN,,,,,,,,,,,,,,,,,,,,,,
FR2021_033,Bergman Island,MX,MIN,,,,,,,,,,,,,,,,,,,,,,
FR2021_034,Frères d'arme,FR,MAJ,,,,,,,,,,,,,,,,,,,,,,
FR2021_035,Mystère à Saint-Tropez,FR,MAJ,,,,,,,,,,,,,,,,,,,,,,
FR2021_035,Mystère à Saint-Tropez,BE,MIN,,,,,,,,,,,,,,,,,,,,,,
FR2021_036,Titane,FR,MAJ,,,,,,,,,,,,,,,,,,,,,,
FR2021_036,Titane,BE,MIN,,,,,,,,,,,,,,,,,,,,,,
FR2021_037,Gunpowder Milkshake,FR,MAJ,,,,,,,,,,,,,,,,,,,,,,
FR2021_037,Gunpowder Milkshake,DE,MIN,,,,,,,,,,,,,,,,,,,,,,
FR2021_037,Gunpowder Milkshake,US,MIN,,,,,,,,,,,,,,,,,,,,,,
FR2021_038,Kaamelott - Premier volet,FR,MAJ,,,,,,,,,,,,,,,,,,,,,,
FR2021_039,"Onoda, 10 000 nuits dans la jungle",FR,MAJ,,,,,,,,,,,,,,,,,,,,,,
FR2021_039,"Onoda, 10 000 nuits dans la jungle",DE,MIN,,,,,,,,,,,,,,,,,,,,,,
FR2021_039,"Onoda, 10 000 nuits dans la jungle",BE,MIN,,,,,,,,,,,,,,,,,,,,,,
FR2021_039,"Onoda, 10 000 nuits dans la jungle",IT,MIN,,,,,,,,,,,,,,,,,,,,,,
FR2021_039,"Onoda, 10 000 nuits dans la jungle",JP,MIN,,,,,,,,,,,,,,,,,,,,,,
FR2021_040,C'est la vie,FR,MAJ,,,,,,,,,,,,,,,,,,,,,,
FR2021_040,C'est la vie,BE,MIN,,,,,,,,,,,,,,,,,,,,,,
FR2021_041,Les Sorcières de l'Orient,FR,MAJ,,,,,,,,,,,,,,,,,,,,,,
FR2021_042,Profession du père,FR,MAJ,,,,,,,,,,,,,,,,,,,,,,
FR2021_043,Le Tour du monde en 80 jours,FR,MAJ,,,,,,,,,,,,,,,,,,,,,,
FR2021_043,Le Tour du monde en 80 jours,BE,MIN,,,,,,,,,,,,,,,,,,,,,,
FR2021_044,De bas étage,FR,MAJ,,,,,,,,,,,,,,,,,,,,,,
FR2021_045,Messe basse,FR,MAJ,,,,,,,,,,,,,,,,,,,,,,
FR2021_046,OSS 117: Alerte rouge en Afrique noire,FR,MAJ,,,,,,,,,,,,,,,,,,,,,,
FR2021_047,C'est quoi ce papy?!,FR,MAJ,,,,,,,,,,,,,,,,,,,,,,
FR2021_048,Passion simple,FR,MAJ,,,,,,,,,,,,,,,,,,,,,,
FR2021_048,Passion simple,BE,MIN,,,,,,,,,,,,,,,,,,,,,,
FR2021_049,Pil,FR,MAJ,,,,,,,,,,,,,,,,,,,,,,
FR2021_050,Rouge,FR,MAJ,,,,,,,,,,,,,,,,,,,,,,
FR2021_050,Rouge,BE,MIN,,,,,,,,,,,,,,,,,,,,,,
FR2021_051,Attention au départ,FR,MAJ,,,,,,,,,,,,,,,,,,,,,,
FR2021_051,Attention au départ,BE,MIN,,,,,,,,,,,,,,,,,,,,,,
FR2021_052,BAC Nord,FR,MAJ,,,,,,,,,,,,,,,,,,,,,,
FR2021_053,Les Fantasmes,FR,MAJ,,,,,,,,,,,,,,,,,,,,,,
FR2021_054,Louloute,FR,MAJ,,,,,,,,,,,,,,,,,,,,,,
FR2021_055,Fragile,FR,MAJ,,,,,,,,,,,,,,,,,,,,,,
FR2021_056,La Terre des hommes,FR,MAJ,,,,,,,,,,,,,,,,,,,,,,
FR2021_057,Gogo,FR,MAJ,,,,,,,,,,,,,,,,,,,,,,
FR2021_058,Laila in Haifa,FR,MAJ,,,,,,,,,,,,,,,,,,,,,,
FR2021_058,Laila in Haifa,IL,MIN,,,,,,,,,,,,,,,,,,,,,,
FR2021_059,"Le Fils de l'épicière, le maire, le village et le monde",FR,MAJ,,,,,,,,,,,,,,,,,,,,,,
FR2021_059,"Le Fils de l'épicière, le maire, le village et le monde",BE,MIN,,,,,,,,,,,,,,,,,,,,,,
FR2021_060,Un triomphe,FR,MAJ,,,,,,,,,,,,,,,,,,,,,,
FR2021_061,Boîte noire,FR,MAJ,,,,,,,,,,,,,,,,,,,,,,
FR2021_062,Délicieux,FR,MAJ,,,,,,,,,,,,,,,,,,,,,,
FR2021_062,Délicieux,BE,MIN,,,,,,,,,,,,,,,,,,,,,,
FR2021_063,La Nuit des rois,FR,MAJ,,,,,,,,,,,,,,,,,,,,,,
FR2021_063,La Nuit des rois,CA,MIN,,,,,,,,,,,,,,,,,,,,,,
FR2021_063,La Nuit des rois,CI,MIN,,,,,,,,,,,,,,,,,,,,,,
FR2021_064,La Vie de château,FR,MAJ,,,,,,,,,,,,,,,,,,,,,,
FR2021_065,Les Méchants,FR,MAJ,,,,,,,,,,,,,,,,,,,,,,
FR2021_066,L'Origine du monde,FR,MAJ,,,,,,,,,,,,,,,,,,,,,,
FR2021_066,L'Origine du monde,BE,MIN,,,,,,,,,,,,,,,,,,,,,,
FR2021_067,La Ferme qui soigne - Agroécologie et médecines,FR,MAJ,,,,,,,,,,,,,,,,,,,,,,
FR2021_068,Les Amours d'Anaïs,FR,MAJ,,,,,,,,,,,,,,,,,,,,,,
FR2021_069,Pourris gâtés,FR,MAJ,,,,,,,,,,,,,,,,,,,,,,
FR2021_070,La Troisième guerre,FR,MAJ,,,,,,,,,,,,,,,,,,,,,,
FR2021_071,"Là, où le temps s'est arrêté",FR,MAJ,,,,,,,,,,,,,,,,,,,,,,
FR2021_072,Tout s'est bien passé,FR,MAJ,,,,,,,,,,,,,,,,,,,,,,
FR2021_073,Cette musique ne joue pour personne,FR,MAJ,,,,,,,,,,,,,,,,,,,,,,
FR2021_073,Cette musique ne joue pour personne,BE,MIN,,,,,,,,,,,,,,,,,,,,,,
FR2021_074,    En route pour le milliard,FR,MAJ,,,,,,,,,,,,,,,,,,,,,,
FR2021_074,    En route pour le milliard,QA,MIN,,,,,,,,,,,,,,,,,,,,,,
FR2021_074,    En route pour le milliard,BE,MIN,,,,,,,,,,,,,,,,,,,,,,
FR2021_075,Eugénie Grandet,FR,MAJ,,,,,,,,,,,,,,,,,,,,,,
FR2021_075,Eugénie Grandet,GB,MIN,,,,,,,,,,,,,,,,,,,,,,
FR2021_075,Eugénie Grandet,BE,MIN,,,,,,,,,,,,,,,,,,,,,,
FR2021_076,Guermantes,FR,MAJ,,,,,,,,,,,,,,,,,,,,,,
FR2021_077,J'ai aimé vivre là,FR,MAJ,,,,,,,,,,,,,,,,,,,,,,
FR2021_078,La Traversée,FR,MAJ,,,,,,,,,,,,,,,,,,,,,,
FR2021_078,La Traversée,CZ,MIN,,,,,,,,,,,,,,,,,,,,,,
FR2021_078,La Traversée,DE,MIN,,,,,,,,,,,,,,,,,,,,,,
FR2021_079,Gaza mon amour,FR,MAJ,,,,,,,,,,,,,,,,,,,,,,
FR2021_079,Gaza mon amour,DE,MIN,,,,,,,,,,,,,,,,,,,,,,
FR2021_079,Gaza mon amour,PT,MIN,,,,,,,,,,,,,,,,,,,,,,
FR2021_079,Gaza mon amour,PS,MIN,,,,,,,,,,,,,,,,,,,,,,
FR2021_079,Gaza mon amour,QA,MIN,,,,,,,,,,,,,,,,,,,,,,
FR2021_080,Le Kiosque,FR,MAJ,,,,,,,,,,,,,,,,,,,,,,
FR2021_081,Tralala,FR,MAJ,,,,,,,,,,,,,,,,,,,,,,
FR2021_082,Debout les femmes!,FR,MAJ,,,,,,,,,,,,,,,,,,,,,,
FR2021_083,Eiffel,FR,MAJ,,,,,,,,,,,,,,,,,,,,,,
FR2021_083,Eiffel,DE,MIN,,,,,,,,,,,,,,,,,,,,,,
FR2021_084,L'Homme de la cave,FR,MAJ,,,,,,,,,,,,,,,,,,,,,,
FR2021_085,Le Loup et le lion,FR,MAJ,,,,,,,,,,,,,,,,,,,,,,
FR2021_085,Le Loup et le lion,CA,MIN,,,,,,,,,,,,,,,,,,,,,,
FR2021_086,"Le Poète illuminé, Germain Nouveau (1851-1920)",FR,MAJ,,,,,,,,,,,,,,,,,,,,,,
FR2021_087,Le Traducteur,FR,MAJ,,,,,,,,,,,,,,,,,,,,,,
FR2021_087,Le Traducteur,CH,MIN,,,,,,,,,,,,,,,,,,,,,,
FR2021_087,Le Traducteur,BE,MIN,,,,,,,,,,,,,,,,,,,,,,
FR2021_087,Le Traducteur,SY,MIN,,,,,,,,,,,,,,,,,,,,,,
FR2021_087,Le Traducteur,US,MIN,,,,,,,,,,,,,,,,,,,,,,
FR2021_088,À la vie,FR,MAJ,,,,,,,,,,,,,,,,,,,,,,
FR2021_089,Illusions perdues,FR,MAJ,,,,,,,,,,,,,,,,,,,,,,
FR2021_089,Illusions perdues,BE,MIN,,,,,,,,,,,,,,,,,,,,,,
FR2021_090,Le Trésor du petit Nicolas,FR,MAJ,,,,,,,,,,,,,,,,,,,,,,
FR2021_090,Le Trésor du petit Nicolas,BE,MIN,,,,,,,,,,,,,,,,,,,,,,
FR2021_091,Les Héroïques,FR,MAJ,,,,,,,,,,,,,,,,,,,,,,
FR2021_092,"Spectre: Sanity, Madness & the Family",FR,MAJ,,,,,,,,,,,,,,,,,,,,,,
FR2021_093,Tonton Manu,FR,MAJ,,,,,,,,,,,,,,,,,,,,,,
FR2021_094,Tout nous sourit,FR,MAJ,,,,,,,,,,,,,,,,,,,,,,
FR2021_094,Tout nous sourit,BE,MIN,,,,,,,,,,,,,,,,,,,,,,
FR2021_095,La Fracture,FR,MAJ,,,,,,,,,,,,,,,,,,,,,,
FR2021_096,Lui,FR,MAJ,,,,,,,,,,,,,,,,,,,,,,
FR2021_096,Lui,BE,MIN,,,,,,,,,,,,,,,,,,,,,,
FR2021_097,Albatros,FR,MAJ,,,,,,,,,,,,,,,,,,,,,,
FR2021_097,Albatros,BE,MIN,,,,,,,,,,,,,,,,,,,,,,
FR2021_098,"Les Olympiades, Paris 13e",FR,MAJ,,,,,,,,,,,,,,,,,,,,,,
FR2021_099,My Son,FR,MAJ,,,,,,,,,,,,,,,,,,,,,,
FR2021_099,My Son,GB,MIN,,,,,,,,,,,,,,,,,,,,,,
FR2021_099,My Son,DE,MIN,,,,,,,,,,,,,,,,,,,,,,
FR2021_100,Pingouin et Goëland et leurs 500 petits,FR,MAJ,,,,,,,,,,,,,,,,,,,,,,
FR2021_101,Si on chantait,FR,MAJ,,,,,,,,,,,,,,,,,,,,,,
FR2021_102,A Good Man,FR,MAJ,,,,,,,,,,,,,,,,,,,,,,
FR2021_102,A Good Man,BE,MIN,,,,,,,,,,,,,,,,,,,,,,
FR2021_103,Aline,FR,MAJ,,,,,,,,,,,,,,,,,,,,,,
FR2021_103,Aline,CA,MIN,,,,,,,,,,,,,,,,,,,,,,
FR2021_104,Entre deux trains,FR,MAJ,,,,,,,,,,,,,,,,,,,,,,
FR2021_105,Haute Couture,FR,MAJ,,,,,,,,,,,,,,,,,,,,,,
FR2021_106,Marcher sur l'eau,FR,MAJ,,,,,,,,,,,,,,,,,,,,,,
FR2021_106,Marcher sur l'eau,BE,MIN,,,,,,,,,,,,,,,,,,,,,,
FR2021_107,Partir?,FR,MAJ,,,,,,,,,,,,,,,,,,,,,,
FR2021_107,Partir?,CM,MIN,,,,,,,,,,,,,,,,,,,,,,
FR2021_108,Les Bodin's en Thaïlande,FR,MAJ,,,,,,,,,,,,,,,,,,,,,,
FR2021_109,On est fait pour s'entendre,FR,MAJ,,,,,,,,,,,,,,,,,,,,,,
FR2021_110,Oranges sanguines,FR,MAJ,,,,,,,,,,,,,,,,,,,,,,
FR2021_111,Retourner à Sölöz,FR,MAJ,,,,,,,,,,,,,,,,,,,,,,
FR2021_112,Bolante baten historia,FR,MAJ,,,,,,,,,,,,,,,,,,,,,,
FR2021_112,Bolante baten historia,ES,MIN,,,,,,,,,,,,,,,,,,,,,,
FR2021_113,De son vivant,FR,MAJ,,,,,,,,,,,,,,,,,,,,,,
FR2021_113,De son vivant,BE,MIN,,,,,,,,,,,,,,,,,,,,,,
FR2021_114,Mon fils Malik,FR,MAJ,,,,,,,,,,,,,,,,,,,,,,
FR2021_115,La Grande Aventure du Cirque Plume,FR,MAJ,,,,,,,,,,,,,,,,,,,,,,
FR2021_116,La Pièce rapportée,FR,MAJ,,,,,,,,,,,,,,,,,,,,,,
FR2021_117,Les Choses humaines,FR,MAJ,,,,,,,,,,,,,,,,,,,,,,
FR2021_118,Maman pleut des cordes,FR,MAJ,,,,,,,,,,,,,,,,,,,,,,
FR2021_119,Les rêves ne meurent jamais,FR,MAJ,,,,,,,,,,,,,,,,,,,,,,
FR2021_120,Au cœur du bois,FR,MAJ,,,,,,,,,,,,,,,,,,,,,,
FR2021_121,Les Tuche 4,FR,MAJ,,,,,,,,,,,,,,,,,,,,,,
FR2021_122,Lingui,FR,MAJ,,,,,,,,,,,,,,,,,,,,,,
FR2021_122,Lingui,DE,MIN,,,,,,,,,,,,,,,,,,,,,,
FR2021_122,Lingui,BE,MIN,,,,,,,,,,,,,,,,,,,,,,
FR2021_122,Lingui,TD,MIN,,,,,,,,,,,,,,,,,,,,,,
FR2021_123,Rose,FR,MAJ,,,,,,,,,,,,,,,,,,,,,,
FR2021_124,Une femme du monde,FR,MAJ,,,,,,,,,,,,,,,,,,,,,,
FR2021_125,Ghahreman (Un héros),FR,MAJ,,,,,,,,,,,,,,,,,,,,,,
FR2021_125,Ghahreman (Un héros),IR,MIN,,,,,,,,,,,,,,,,,,,,,,
FR2021_126,Mes très chers enfants,FR,MAJ,,,,,,,,,,,,,,,,,,,,,,
FR2021_127,Mystère,FR,MAJ,,,,,,,,,,,,,,,,,,,,,,
FR2021_128,Noël et sa mère,FR,MAJ,,,,,,,,,,,,,,,,,,,,,,
FR2021_129,Madeleine Collins,FR,MAJ,,,,,,,,,,,,,,,,,,,,,,
FR2021_129,Madeleine Collins,BE,MIN,,,,,,,,,,,,,,,,,,,,,,
FR2021_129,Madeleine Collins,CH,MIN,,,,,,,,,,,,,,,,,,,,,,
FR2021_130,Mince alors 2!,FR,MAJ,,,,,,,,,,,,,,,,,,,,,,
FR2021_131,Le Test,FR,MAJ,,,,,,,,,,,,,,,,,,,,,,
FR2021_132,Tromperie,FR,MAJ,,,,,,,,,,,,,,,,,,,,,,
FR2022_001,Twist à Bamako,FR,MAJ,,,,,,,,,,,,,,,,,,,,,,
FR2022_001,Twist à Bamako,CA,MIN,,,,,,,,,,,,,,,,,,,,,,
FR2022_001,Twist à Bamako,SN,MIN,,,,,,,,,,,,,,,,,,,,,,
FR2022_002,Adieu Monsieur Haffmann,FR,MAJ,,,,,,,,,,,,,,,,,,,,,,
FR2022_002,Adieu Monsieur Haffmann,BE,MIN,,,,,,,,,,,,,,,,,,,,,,
FR2022_003,Jane par Charlotte,FR,MAJ,,,,,,,,,,,,,,,,,,,,,,
FR2022_003,Jane par Charlotte,GB,MIN,,,,,,,,,,,,,,,,,,,,,,
FR2022_003,Jane par Charlotte,JP,MIN,,,,,,,,,,,,,,,,,,,,,,
FR2022_004,Le Cygne des héros,FR,MAJ,,,,,,,,,,,,,,,,,,,,,,
FR2022_005,Ouistreham,FR,MAJ,,,,,,,,,,,,,,,,,,,,,,
FR2022_006,Placés,FR,MAJ,,,,,,,,,,,,,,,,,,,,,,
FR2022_007,Sans toi,FR,MAJ,,,,,,,,,,,,,,,,,,,,,,
FR2022_008,"Eurídice, là-bas...",FR,MAJ,,,,,,,,,,,,,,,,,,,,,,
FR2022_008,"Eurídice, là-bas...",UY,MIN,,,,,,,,,,,,,,,,,,,,,,
FR2022_009,Hors du monde,FR,MAJ,,,,,,,,,,,,,,,,,,,,,,
FR2022_010,L'amour c'est mieux que la vie,FR,MAJ,,,,,,,,,,,,,,,,,,,,,,
FR2022_011,La Place d'une autre,FR,MAJ,,,,,,,,,,,,,,,,,,,,,,
FR2022_012,"Michael Cimino, un mirage américain",FR,MAJ,,,,,,,,,,,,,,,,,,,,,,
FR2022_013,Rumba la vie,FR,MAJ,,,,,,,,,,,,,,,,,,,,,,
FR2022_013,Rumba la vie,BE,MIN,,,,,,,,,,,,,,,,,,,,,,
FR2022_014,Tendre et Saignant,FR,MAJ,,,,,,,,,,,,,,,,,,,,,,
FR2022_014,Tendre et Saignant,BE,MIN,,,,,,,,,,,,,,,,,,,,,,
FR2022_015,Adieu Paris,FR,MAJ,,,,,,,,,,,,,,,,,,,,,,
FR2022_015,Adieu Paris,BE,MIN,,,,,,,,,,,,,,,,,,,,,,
FR2022_016,Les Promesses,FR,MAJ,,,,,,,,,,,,,,,,,,,,,,
FR2022_017,Presque,FR,MAJ,,,,,,,,,,,,,,,,,,,,,,
FR2022_017,Presque,CH,MIN,,,,,,,,,,,,,,,,,,,,,,
FR2022_018,Une jeune fille qui va bien,FR,MAJ,,,,,,,,,,,,,,,,,,,,,,
FR2022_019,Arthur Rambo,FR,MAJ,,,,,,,,,,,,,,,,,,,,,,
FR2022_020,H6,FR,MAJ,,,,,,,,,,,,,,,,,,,,,,
FR2022_021,Les Jeunes Amants,FR,MAJ,,,,,,,,,,,,,,,,,,,,,,
FR2022_021,Les Jeunes Amants,BE,MIN,,,,,,,,,,,,,,,,,,,,,,
FR2022_022,Les voisins de mes voisins sont mes voisins,FR,MAJ,,,,,,,,,,,,,,,,,,,,,,
FR2022_023,Super-héros malgré lui,FR,MAJ,,,,,,,,,,,,,,,,,,,,,,
FR2022_024,Enquête sur un scandale d'État,FR,MAJ,,,,,,,,,,,,,,,,,,,,,,
FR2022_025,Golda Maria,FR,MAJ,,,,,,,,,,,,,,,,,,,,,,
FR2022_026,L'Horizon,FR,MAJ,,,,,,,,,,,,,,,,,,,,,,
FR2022_027,PS : La diPSarition?,FR,MAJ,,,,,,,,,,,,,,,,,,,,,,
FR2022_028,Les Vedettes,FR,MAJ,,,,,,,,,,,,,,,,,,,,,,
FR2022_029,Vous ne désirez que moi,FR,MAJ,,,,,,,,,,,,,,,,,,,,,,
FR2022_030,After Blue (Paradis sale),FR,MAJ,,,,,,,,,,,,,,,,,,,,,,
FR2022_031,King,FR,MAJ,,,,,,,,,,,,,,,,,,,,,,
FR2022_031,King,BE,MIN,,,,,,,,,,,,,,,,,,,,,,
FR2022_032,La Vraie Famille,FR,MAJ,,,,,,,,,,,,,,,,,,,,,,
FR2022_033,Maison de retraite,FR,MAJ,,,,,,,,,,,,,,,,,,,,,,
FR2022_033,Maison de retraite,CH,MIN,,,,,,,,,,,,,,,,,,,,,,
FR2022_034,Nous,FR,MAJ,,,,,,,,,,,,,,,,,,,,,,
FR2022_035,Un autre monde,FR,MAJ,,,,,,,,,,,,,,,,,,,,,,
FR2022_036,Compagnons,FR,MAJ,,,,,,,,,,,,,,,,,,,,,,
FR2022_036,Compagnons,BE,MIN,,,,,,,,,,,,,,,,,,,,,,
FR2022_037,Ils sont vivants,FR,MAJ,,,,,,,,,,,,,,,,,,,,,,
FR2022_038,Maigret,FR,MAJ,,,,,,,,,,,,,,,,,,,,,,
FR2022_038,Maigret,BE,MIN,,,,,,,,,,,,,,,,,,,,,,
FR2022_039,Selon la police,FR,MAJ,,,,,,,,,,,,,,,,,,,,,,
FR2022_040,Zaï Zaï Zaï Zaï,FR,MAJ,,,,,,,,,,,,,,,,,,,,,,
FR2022_040,Zaï Zaï Zaï Zaï,BE,MIN,,,,,,,,,,,,,,,,,,,,,,
FR2022_041,Down in Paris,FR,MAJ,,,,,,,,,,,,,,,,,,,,,,
FR2022_042,Robuste,FR,MAJ,,,,,,,,,,,,,,,,,,,,,,
FR2022_042,Robuste,BE,MIN,,,,,,,,,,,,,,,,,,,,,,
FR2022_043,Viens je t'emmène,FR,MAJ,,,,,,,,,,,,,,,,,,,,,,
FR2022_043,Viens je t'emmène,BE,MIN,,,,,,,,,,,,,,,,,,,,,,
FR2022_044,À demain mon amour,FR,MAJ,,,,,,,,,,,,,,,,,,,,,,
FR2022_045,Goliath,FR,MAJ,,,,,,,,,,,,,,,,,,,,,,
FR2022_045,Goliath,BE,MIN,,,,,,,,,,,,,,,,,,,,,,
FR2022_046,La Campagne de France,FR,MAJ,,,,,,,,,,,,,,,,,,,,,,
FR2022_047,Ma nuit,FR,MAJ,,,,,,,,,,,,,,,,,,,,,,
FR2022_047,Ma nuit,BE,MIN,,,,,,,,,,,,,,,,,,,,,,
FR2022_048,Murder Party,FR,MAJ,,,,,,,,,,,,,,,,,,,,,,
FR2022_049,Permis de construire,FR,MAJ,,,,,,,,,,,,,,,,,,,,,,
FR2022_050,À plein temps,FR,MAJ,,,,,,,,,,,,,,,,,,,,,,
FR2022_051,Alors on danse,FR,MAJ,,,,,,,,,,,,,,,,,,,,,,
FR2022_052,Entre les vagues,FR,MAJ,,,,,,,,,,,,,,,,,,,,,,
FR2022_053,Funambules,FR,MAJ,,,,,,,,,,,,,,,,,,,,,,
FR2022_054,Notre-Dame brûle,FR,MAJ,,,,,,,,,,,,,,,,,,,,,,
FR2022_055,Notre-Dame brûle,IT,MIN,,,,,,,,,,,,,,,,,,,,,,
FR2022_055,Trois fois rien,FR,MAJ,,,,,,,,,,,,,,,,,,,,,,
FR2022_055,Trois fois rien,CA,MIN,,,,,,,,,,,,,,,,,,,,,,
FR2022_056,Bruno Reidal,FR,MAJ,,,,,,,,,,,,,,,,,,,,,,
FR2022_057,De nos frères blessés,FR,MAJ,,,,,,,,,,,,,,,,,,,,,,
FR2022_057,De nos frères blessés,BE,MIN,,,,,,,,,,,,,,,,,,,,,,
FR2022_057,De nos frères blessés,DZ,MIN,,,,,,,,,,,,,,,,,,,,,,
FR2022_058,La Brigade,FR,MAJ,,,,,,,,,,,,,,,,,,,,,,
FR2022_059,Le Temps des secrets,FR,MAJ,,,,,,,,,,,,,,,,,,,,,,
FR2022_060,Seule la Terre est éternelle,FR,MAJ,,,,,,,,,,,,,,,,,,,,,,
FR2022_061,Une mère,FR,MAJ,,,,,,,,,,,,,,,,,,,,,,
FR2022_062,En corps,FR,MAJ,,,,,,,,,,,,,,,,,,,,,,
FR2022_062,En corps,BE,MIN,,,,,,,,,,,,,,,,,,,,,,
FR2022_062,En corps,NL,MIN,,,,,,,,,,,,,,,,,,,,,,
FR2022_063,Le Monde d'hier,FR,MAJ,,,,,,,,,,,,,,,,,,,,,,
FR2022_064,À la folie,FR,MAJ,,,,,,,,,,,,,,,,,,,,,,
FR2022_065,En même temps,FR,MAJ,,,,,,,,,,,,,,,,,,,,,,
FR2022_066,Mon héroïne,FR,MAJ,,,,,,,,,,,,,,,,,,,,,,
FR2022_067,Qu'est-ce qu'on a tous fait au bon Dieu?,FR,MAJ,,,,,,,,,,,,,,,,,,,,,,
FR2022_067,Qu'est-ce qu'on a tous fait au bon Dieu?,BE,MIN,,,,,,,,,,,,,,,,,,,,,,
FR2022_068,À l'ombre des filles,FR,MAJ,,,,,,,,,,,,,,,,,,,,,,
FR2022_068,À l'ombre des filles,BE,MIN,,,,,,,,,,,,,,,,,,,,,,
FR2022_069,Les Gagnants,FR,MAJ,,,,,,,,,,,,,,,,,,,,,,
FR2022_070,Vortex,FR,MAJ,,,,,,,,,,,,,,,,,,,,,,
FR2022_070,Vortex,BE,MIN,,,,,,,,,,,,,,,,,,,,,,
FR2022_070,Vortex,MC,MIN,,,,,,,,,,,,,,,,,,,,,,
FR2022_071,Et j'aime à la fureur,FR,MAJ,,,,,,,,,,,,,,,,,,,,,,
FR2022_072,I Comete,FR,MAJ,,,,,,,,,,,,,,,,,,,,,,
FR2022_073,L'Hypothèse démocratique - une histoire basque,FR,MAJ,,,,,,,,,,,,,,,,,,,,,,
FR2022_074,Le Monde après nous,FR,MAJ,,,,,,,,,,,,,,,,,,,,,,
FR2022_075,Les Sans-dents,FR,MAJ,,,,,,,,,,,,,,,,,,,,,,
FR2022_076,Années 20,FR,MAJ,,,,,,,,,,,,,,,,,,,,,,
FR2022_077,Le Médecin imaginaire,FR,MAJ,,,,,,,,,,,,,,,,,,,,,,
FR2022_077,Le Médecin imaginaire,BE,MIN,,,,,,,,,,,,,,,,,,,,,,
FR2022_078,Sentinelle sud,FR,MAJ,,,,,,,,,,,,,,,,,,,,,,
FR2022_079,Les Passagers de la nuit,FR,MAJ,,,,,,,,,,,,,,,,,,,,,,
FR2022_080,Ténor,FR,MAJ,,,,,,,,,,,,,,,,,,,,,,
FR2022_081,Cœurs vaillants,FR,MAJ,,,,,,,,,,,,,,,,,,,,,,
FR2022_081,Cœurs vaillants,BE,MIN,,,,,,,,,,,,,,,,,,,,,,
FR2022_082,Les Folies Fermières,FR,MAJ,,,,,,,,,,,,,,,,,,,,,,
FR2022_083,On sourit pour la photo,FR,MAJ,,,,,,,,,,,,,,,,,,,,,,
FR2022_084,Tom,FR,MAJ,,,,,,,,,,,,,,,,,,,,,,
FR2022_084,Tom,BE,MIN,,,,,,,,,,,,,,,,,,,,,,
FR2022_085,J'adore ce que vous faites,FR,MAJ,,,,,,,,,,,,,,,,,,,,,,
FR2022_086,La Fabrique des pandémies,FR,MAJ,,,,,,,,,,,,,,,,,,,,,,
FR2022_087,Van Gogh in Love,FR,MAJ,,,,,,,,,,,,,,,,,,,,,,
FR2022_088,Frère et soeur,FR,MAJ,,,,,,,,,,,,,,,,,,,,,,
FR2022_089,Don Juan,FR,MAJ,,,,,,,,,,,,,,,,,,,,,,
FR2022_089,Don Juan,BE,MIN,,,,,,,,,,,,,,,,,,,,,,
FR2022_090,Ça tourne à Saint-Pierre et Miquelon,FR,MAJ,,,,,,,,,,,,,,,,,,,,,,
FR2022_090,Ça tourne à Saint-Pierre et Miquelon,CA,MIN,,,,,,,,,,,,,,,,,,,,,,
FR2022_091,C'est magnifique!,FR,MAJ,,,,,,,,,,,,,,,,,,,,,,
FR2022_092,"Roland Gori, une époque sans esprit",FR,MAJ,,,,,,,,,,,,,,,,,,,,,,
FR2022_093,Champagne !,FR,MAJ,,,,,,,,,,,,,,,,,,,,,,
FR2022_094,"Mizrahim, les oubliés de la Terre Promise",FR,MAJ,,,,,,,,,,,,,,,,,,,,,,
FR2022_094,"Mizrahim, les oubliés de la Terre Promise",IL,MIN,,,,,,,,,,,,,,,,,,,,,,
FR2022_095,Petite fleur,FR,MAJ,,,,,,,,,,,,,,,,,,,,,,
FR2022_095,Petite fleur,AR,MIN,,,,,,,,,,,,,,,,,,,,,,
FR2022_095,Petite fleur,ES,MIN,,,,,,,,,,,,,,,,,,,,,,
FR2022_095,Petite fleur,BE,MIN,,,,,,,,,,,,,,,,,,,,,,
FR2022_096,Incroyable mais vrai,FR,MAJ,,,,,,,,,,,,,,,,,,,,,,
FR2022_096,Incroyable mais vrai,BE,MIN,,,,,,,,,,,,,,,,,,,,,,
FR2022_097,Mon amour,FR,MAJ,,,,,,,,,,,,,,,,,,,,,,
FR2022_098,L'Homme parfait,FR,MAJ,,,,,,,,,,,,,,,,,,,,,,
FR2022_099,Le Divorce de mes marrants,FR,MAJ,,,,,,,,,,,,,,,,,,,,,,
FR2022_099,Le Divorce de mes marrants,BE,MIN,,,,,,,,,,,,,,,,,,,,,,
FR2022_099,Le Divorce de mes marrants,US,MIN,,,,,,,,,,,,,,,,,,,,,,
FR2022_100,Les Goûts et les Couleurs,FR,MAJ,,,,,,,,,,,,,,,,,,,,,,
FR2022_101,En roue libre,FR,MAJ,,,,,,,,,,,,,,,,,,,,,,
FR2022_102,Irréductible,FR,MAJ,,,,,,,,,,,,,,,,,,,,,,
FR2022_103,Mastemah,FR,MAJ,,,,,,,,,,,,,,,,,,,,,,
FR2022_103,Mastemah,BE,MIN,,,,,,,,,,,,,,,,,,,,,,
FR2022_104,I Love Greece,FR,MAJ,,,,,,,,,,,,,,,,,,,,,,
FR2022_105,Peter von Kant,FR,MAJ,,,,,,,,,,,,,,,,,,,,,,
FR2022_105,Peter von Kant,BE,MIN,,,,,,,,,,,,,,,,,,,,,,
FR2022_106,Ducobu Président !,FR,MAJ,,,,,,,,,,,,,,,,,,,,,,
FR2022_106,Ducobu Président !,BE,MIN,,,,,,,,,,,,,,,,,,,,,,
FR2022_107,La Nuit du 12,FR,MAJ,,,,,,,,,,,,,,,,,,,,,,
FR2022_107,La Nuit du 12,BE,MIN,,,,,,,,,,,,,,,,,,,,,,
FR2022_108,Menteur,FR,MAJ,,,,,,,,,,,,,,,,,,,,,,
FR2022_109,Joyeuse retraite! 2,FR,MAJ,,,,,,,,,,,,,,,,,,,,,,
FR2022_110,Magdala,FR,MAJ,,,,,,,,,,,,,,,,,,,,,,
FR2022_111,L'Année du requin,FR,MAJ,,,,,,,,,,,,,,,,,,,,,,
FR2022_112,La Très Très Grande Classe,FR,MAJ,,,,,,,,,,,,,,,,,,,,,,
FR2022_112,La Très Très Grande Classe,BE,MIN,,,,,,,,,,,,,,,,,,,,,,
FR2022_113,Les Vieux Fourneaux 2: Bons pour l'asile,FR,MAJ,,,,,,,,,,,,,,,,,,,,,,
FR2022_114,Les Volets verts,FR,MAJ,,,,,,,,,,,,,,,,,,,,,,
FR2022_114,Les Volets verts,BE,MIN,,,,,,,,,,,,,,,,,,,,,,
FR2022_115,Avec amour et acharnement,FR,MAJ,,,,,,,,,,,,,,,,,,,,,,
FR2022_116,La Dégustation,FR,MAJ,,,,,,,,,,,,,,,,,,,,,,
FR2022_117,La Page blanche,FR,MAJ,,,,,,,,,,,,,,,,,,,,,,
FR2022_118,Les Cinq Diables,FR,MAJ,,,,,,,,,,,,,,,,,,,,,,
FR2022_119,Kompromat,FR,MAJ,,,,,,,,,,,,,,,,,,,,,,
FR2022_120,Le Tigre et le président,FR,MAJ,,,,,,,,,,,,,,,,,,,,,,
FR2022_120,Le Tigre et le président,BE,MIN,,,,,,,,,,,,,,,,,,,,,,
FR2022_121,Tout le monde aime Jeanne,FR,MAJ,,,,,,,,,,,,,,,,,,,,,,
FR2022_121,Tout le monde aime Jeanne,PT,MIN,,,,,,,,,,,,,,,,,,,,,,
FR2022_122,Walden,FR,MAJ,,,,,,,,,,,,,,,,,,,,,,
FR2022_123,À propos de Joan,FR,MAJ,,,,,,,,,,,,,,,,,,,,,,
FR2022_123,À propos de Joan,DE,MIN,,,,,,,,,,,,,,,,,,,,,,
FR2022_123,À propos de Joan,IE,MIN,,,,,,,,,,,,,,,,,,,,,,
FR2022_124,Canailles,FR,MAJ,,,,,,,,,,,,,,,,,,,,,,
FR2022_125,Citoyen d'honneur,FR,MAJ,,,,,,,,,,,,,,,,,,,,,,
FR2022_126,Tout fout le camp,FR,MAJ,,,,,,,,,,,,,,,,,,,,,,
FR2022_127,Transe,FR,MAJ,,,,,,,,,,,,,,,,,,,,,,
FR2022_127,Transe,ES,MIN,,,,,,,,,,,,,,,,,,,,,,
FR2022_127,Transe,IT,MIN,,,,,,,,,,,,,,,,,,,,,,
FR2022_128,L'Ombre de Goya par Jean-Claude Carrière,FR,MAJ,,,,,,,,,,,,,,,,,,,,,,
FR2022_128,L'Ombre de Goya par Jean-Claude Carrière,ES,MIN,,,,,,,,,,,,,,,,,,,,,,
FR2022_128,L'Ombre de Goya par Jean-Claude Carrière,PT,MIN,,,,,,,,,,,,,,,,,,,,,,
FR2022_129,Les Enfants des autres,FR,MAJ,,,,,,,,,,,,,,,,,,,,,,
FR2022_130,Les Secrets de mon père,FR,MAJ,,,,,,,,,,,,,,,,,,,,,,
FR2022_130,Les Secrets de mon père,BE,MIN,,,,,,,,,,,,,,,,,,,,,,
FR2022_131,Une belle course,FR,MAJ,,,,,,,,,,,,,,,,,,,,,,
FR2022_131,Une belle course,BE,MIN,,,,,,,,,,,,,,,,,,,,,,
FR2022_132,Jumeaux mais pas trop,FR,MAJ,,,,,,,,,,,,,,,,,,,,,,
FR2022_133,La Cour des Miracles,FR,MAJ,,,,,,,,,,,,,,,,,,,,,,
FR2022_134,Le Sixième Enfant,FR,MAJ,,,,,,,,,,,,,,,,,,,,,,
FR2022_135,Maria rêve,FR,MAJ,,,,,,,,,,,,,,,,,,,,,,
FR2022_136,Vacances,FR,MAJ,,,,,,,,,,,,,,,,,,,,,,
FR2022_137,Être prof,FR,MAJ,,,,,,,,,,,,,,,,,,,,,,
FR2022_137,Être prof,US,MIN,,,,,,,,,,,,,,,,,,,,,,
FR2022_138,L'Origine du mal,FR,MAJ,,,,,,,,,,,,,,,,,,,,,,
FR2022_138,L'Origine du mal,CA,MIN,,,,,,,,,,,,,,,,,,,,,,
FR2022_139,La Combattante,FR,MAJ,,,,,,,,,,,,,,,,,,,,,,
FR2022_139,La Combattante,BE,MIN,,,,,,,,,,,,,,,,,,,,,,
FR2022_140,Novembre,FR,MAJ,,,,,,,,,,,,,,,,,,,,,,
FR2022_141,Un beau matin,FR,MAJ,,,,,,,,,,,,,,,,,,,,,,
FR2022_141,Un beau matin,DE,MIN,,,,,,,,,,,,,,,,,,,,,,
FR2022_141,Un beau matin,GB,MIN,,,,,,,,,,,,,,,,,,,,,,
FR2022_142,Une femme de notre temps,FR,MAJ,,,,,,,,,,,,,,,,,,,,,,
FR2022_143,L'Innocent,FR,MAJ,,,,,,,,,,,,,,,,,,,,,,
FR2022_144,Le petit Nicolas: Qu'est-ce qu'on attend pour être heureux ?,FR,MAJ,,,,,,,,,,,,,,,,,,,,,,
FR2022_144,Le petit Nicolas: Qu'est-ce qu'on attend pour être heureux ?,LU,MIN,,,,,,,,,,,,,,,,,,,,,,
FR2022_145,Les Harkis,FR,MAJ,,,,,,,,,,,,,,,,,,,,,,
FR2022_145,Les Harkis,BE,MIN,,,,,,,,,,,,,,,,,,,,,,
FR2022_146,"Simone, le voyage du siècle",FR,MAJ,,,,,,,,,,,,,,,,,,,,,,
FR2022_147,Temps morts,FR,MAJ,,,,,,,,,,,,,,,,,,,,,,
FR2022_148,Belle et Sébastien: Nouvelle génération,FR,MAJ,,,,,,,,,,,,,,,,,,,,,,
FR2022_149,Le Nouveau Jouet,FR,MAJ,,,,,,,,,,,,,,,,,,,,,,
FR2022_150,"Le Pharaon, le Sauvage et la Princesse",FR,MAJ,,,,,,,,,,,,,,,,,,,,,,
FR2022_150,"Le Pharaon, le Sauvage et la Princesse",BE,MIN,,,,,,,,,,,,,,,,,,,,,,
FR2022_151,Reprise en main,FR,MAJ,,,,,,,,,,,,,,,,,,,,,,
FR2022_152,Bowling Saturne,FR,MAJ,,,,,,,,,,,,,,,,,,,,,,
FR2022_152,Bowling Saturne,BE,MIN,,,,,,,,,,,,,,,,,,,,,,
FR2022_153,L'école est à nous,FR,MAJ,,,,,,,,,,,,,,,,,,,,,,
FR2022_154,Plancha,FR,MAJ,,,,,,,,,,,,,,,,,,,,,,
FR2022_155,Super Z,FR,MAJ,,,,,,,,,,,,,,,,,,,,,,
FR2022_156,Mascarade,FR,MAJ,,,,,,,,,,,,,,,,,,,,,,
FR2022_157,Arvor de 2 à 5,FR,MAJ,,,,,,,,,,,,,,,,,,,,,,
FR2022_158,Jacky Caillou,FR,MAJ,,,,,,,,,,,,,,,,,,,,,,
FR2022_159,Couleurs de l'incendie,FR,MAJ,,,,,,,,,,,,,,,,,,,,,,
FR2022_159,Couleurs de l'incendie,BE,MIN,,,,,,,,,,,,,,,,,,,,,,
FR2022_160,Heureux les fêlés,FR,MAJ,,,,,,,,,,,,,,,,,,,,,,
FR2022_161,Les Lendemains de veille,FR,MAJ,,,,,,,,,,,,,,,,,,,,,,
FR2022_162,Pétaouchnok,FR,MAJ,,,,,,,,,,,,,,,,,,,,,,
FR2022_163,Trois Nuits par semaine,FR,MAJ,,,,,,,,,,,,,,,,,,,,,,
FR2022_164,Du crépitement sous les néons,FR,MAJ,,,,,,,,,,,,,,,,,,,,,,
FR2022_165,La Maison,FR,MAJ,,,,,,,,,,,,,,,,,,,,,,
FR2022_166,Le Défi de Noël,FR,MAJ,,,,,,,,,,,,,,,,,,,,,,
FR2022_167,Les Amandiers,FR,MAJ,,,,,,,,,,,,,,,,,,,,,,
FR2022_167,Les Amandiers,IT,MIN,,,,,,,,,,,,,,,,,,,,,,
FR2022_168,Les Engagés,FR,MAJ,,,,,,,,,,,,,,,,,,,,,,
FR2022_169,Les Femmes du square,FR,MAJ,,,,,,,,,,,,,,,,,,,,,,
FR2022_170,Plus que jamais,FR,MAJ,,,,,,,,,,,,,,,,,,,,,,
FR2022_170,Plus que jamais,DE,MIN,,,,,,,,,,,,,,,,,,,,,,
FR2022_170,Plus que jamais,LU,MIN,,,,,,,,,,,,,,,,,,,,,,
FR2022_170,Plus que jamais,NO,MIN,,,,,,,,,,,,,,,,,,,,,,
FR2022_171,Reste un peu,FR,MAJ,,,,,,,,,,,,,,,,,,,,,,
FR2022_172,Une comédie romantique,FR,MAJ,,,,,,,,,,,,,,,,,,,,,,
FR2022_173,Les Miens,FR,MAJ,,,,,,,,,,,,,,,,,,,,,,
FR2022_174,Mauvaises filles,FR,MAJ,,,,,,,,,,,,,,,,,,,,,,
FR2022_175,Saint Omer,FR,MAJ,,,,,,,,,,,,,,,,,,,,,,
FR2022_176,Annie colère,FR,MAJ,,,,,,,,,,,,,,,,,,,,,,
FR2022_177,Fumer fait tousser,FR,MAJ,,,,,,,,,,,,,,,,,,,,,,
FR2022_178,Le Lycéen,FR,MAJ,,,,,,,,,,,,,,,,,,,,,,
FR2022_179,Le Torrent,FR,MAJ,,,,,,,,,,,,,,,,,,,,,,
FR2022_180,Les Pires,FR,MAJ,,,,,,,,,,,,,,,,,,,,,,
FR2022_181,Maestro(s),FR,MAJ,,,,,,,,,,,,,,,,,,,,,,
FR2022_181,Maestro(s),BE,MIN,,,,,,,,,,,,,,,,,,,,,,
FR2022_182,Nos frangins,FR,MAJ,,,,,,,,,,,,,,,,,,,,,,
FR2022_182,Nos frangins,DZ,MIN,,,,,,,,,,,,,,,,,,,,,,
FR2022_183,Ernest et Célestine: Le voyage en Charabie,FR,MAJ,,,,,,,,,,,,,,,,,,,,,,
FR2022_183,Ernest et Célestine: Le voyage en Charabie,LU,MIN,,,,,,,,,,,,,,,,,,,,,,
FR2022_184,Les Années Super-8,FR,MAJ,,,,,,,,,,,,,,,,,,,,,,
FR2022_185,Le Parfum vert,FR,MAJ,,,,,,,,,,,,,,,,,,,,,,
FR2022_185,Le Parfum vert,BE,MIN,,,,,,,,,,,,,,,,,,,,,,
FR2022_186,Le Petit Piaf,FR,MAJ,,,,,,,,,,,,,,,,,,,,,,
FR2022_187,Le Tourbillon de la vie,FR,MAJ,,,,,,,,,,,,,,,,,,,,,,
FR2022_188,Tempête,FR,MAJ,,,,,,,,,,,,,,,,,,,,,,
FR2022_188,Tempête,CA,MIN,,,,,,,,,,,,,,,,,,,,,,
FR2022_189,Choeur de rockers,FR,MAJ,,,,,,,,,,,,,,,,,,,,,,
FR2022_190,La Passagère,FR,MAJ,,,,,,,,,,,,,,,,,,,,,,
FR2022_191,Par coeurs,FR,MAJ,,,,,,,,,,,,,,,,,,,,,,
IT2021_001,Lei mi parla ancora,IT,MAJ,,,,,,,,,,,,,,,,,,,,,,
IT2021_002,The Rossellinis,IT,MAJ,,,,,,,,,,,,,,,,,,,,,,
IT2021_002,Genitori vs. Influencer,LV,MIN,,,,,,,,,,,,,,,,,,,,,,
IT2021_003,Alida,IT,MAJ,,,,,,,,,,,,,,,,,,,,,,
IT2021_003,Il cattivo poeta,ES,MIN,,,,,,,,,,,,,,,,,,,,,,
IT2021_004,Tutti per Uma,IT,MAJ,,,,,,,,,,,,,,,,,,,,,,
IT2021_005,Comedians,IT,MAJ,,,,,,,,,,,,,,,,,,,,,,
IT2021_005,Extraliscio - Punk da balera,FR,MIN,,,,,,,,,,,,,,,,,,,,,,
IT2021_006,School of mafia,IT,MAJ,,,,,,,,,,,,,,,,,,,,,,
IT2021_006,La terra dei figli,AT,MIN,,,,,,,,,,,,,,,,,,,,,,
IT2021_007,Boys,IT,MAJ,,,,,,,,,,,,,,,,,,,,,,
IT2021_008,Per Lucio,IT,MAJ,,,,,,,,,,,,,,,,,,,,,,
IT2021_009,Disco Ruin,IT,MAJ,,,,,,,,,,,,,,,,,,,,,,
IT2021_010,Occhi blu,IT,MAJ,,,,,,,,,,,,,,,,,,,,,,
IT2021_011,Marx può aspettare,IT,MAJ,,,,,,,,,,,,,,,,,,,,,,
IT2021_012,The truffle hunters,IT,MAJ,,,,,,,,,,,,,,,,,,,,,,
IT2021_013,"Pozzis, Samarcanda",IT,MAJ,,,,,,,,,,,,,,,,,,,,,,
IT2021_014,Me contro te il mistero della scuola incantata,IT,MAJ,,,,,,,,,,,,,,,,,,,,,,
IT2021_014,Il mostro della cripta,FR,MIN,,,,,,,,,,,,,,,,,,,,,,
IT2021_015,Free - liberi,IT,MAJ,,,,,,,,,,,,,,,,,,,,,,
IT2021_016,Welcome Venice,IT,MAJ,,,,,,,,,,,,,,,,,,,,,,
IT2021_016,Qui rido io,GR,MIN,,,,,,,,,,,,,,,,,,,,,,
IT2021_016,Una relazione,US,MIN,,,,,,,,,,,,,,,,,,,,,,
IT2021_017,Ancora più bello,IT,MAJ,,,,,,,,,,,,,,,,,,,,,,
IT2021_018,Il silenzio grande,IT,MAJ,,,,,,,,,,,,,,,,,,,,,,
IT2021_019,Tre piani,IT,MAJ,,,,,,,,,,,,,,,,,,,,,,
IT2021_020,Benvenuti in casa Esposito,IT,MAJ,,,,,,,,,,,,,,,,,,,,,,
IT2021_021,Il buco,IT,MAJ,,,,,,,,,,,,,,,,,,,,,,
IT2021_022,Sulla giostra,IT,MAJ,,,,,,,,,,,,,,,,,,,,,,
IT2021_022,I nostri fantasmi,ES,MIN,,,,,,,,,,,,,,,,,,,,,,
IT2021_023,Isolation,IT,MAJ,,,,,,,,,,,,,,,,,,,,,,
IT2021_023,Ai confini del male,FR,MIN,,,,,,,,,,,,,,,,,,,,,,
IT2021_024,Con tutto il cuore,IT,MAJ,,,,,,,,,,,,,,,,,,,,,,
IT2021_025,Il materiale emotivo,IT,MAJ,,,,,,,,,,,,,,,,,,,,,,
IT2021_025,Selfiemania,PL,MIN,,,,,,,,,,,,,,,,,,,,,,
IT2021_026,The Italian banker,IT,MAJ,,,,,,,,,,,,,,,,,,,,,,
IT2021_026,Bentornato papà,FR,MIN,,,,,,,,,,,,,,,,,,,,,,
IT2021_027,Ariaferma,IT,MAJ,,,,,,,,,,,,,,,,,,,,,,
IT2021_028,Marilyn ha gli occhi neri,IT,MAJ,,,,,,,,,,,,,,,,,,,,,,
IT2021_028,Medium,DE,MIN,,,,,,,,,,,,,,,,,,,,,,
IT2021_028,Upside Down,FR,MIN,,,,,,,,,,,,,,,,,,,,,,
IT2021_029,2 fantasmi di troppo,IT,MAJ,,,,,,,,,,,,,,,,,,,,,,
IT2021_030,DeAndré#DeAndré storia di un impiegato,IT,MAJ,,,,,,,,,,,,,,,,,,,,,,
IT2021_031,Divinazioni,IT,MAJ,,,,,,,,,,,,,,,,,,,,,,
IT2021_031,Una notte da dottore,BE,MIN,,,,,,,,,,,,,,,,,,,,,,
IT2021_031,Freaks out,GB,MIN,,,,,,,,,,,,,,,,,,,,,,
IT2021_031,Io sono Babbo Natale,DE,MIN,,,,,,,,,,,,,,,,,,,,,,
IT2021_031,Il bambino nascosto,SE,MIN,,,,,,,,,,,,,,,,,,,,,,
IT2021_032,Marina Cicogna - la vita e tutto il resto,IT,MAJ,,,,,,,,,,,,,,,,,,,,,,
IT2021_033,Napoleon - In the Name of Art,IT,MAJ,,,,,,,,,,,,,,,,,,,,,,
IT2021_034,Per tutta la vita,IT,MAJ,,,,,,,,,,,,,,,,,,,,,,
IT2021_034,Django & Django,FR,MIN,,,,,,,,,,,,,,,,,,,,,,
IT2021_035,Promises,IT,MAJ,,,,,,,,,,,,,,,,,,,,,,
IT2021_035,Querido Fidel,AT,MIN,,,,,,,,,,,,,,,,,,,,,,
IT2021_035,La casa rossa,RU,MIN,,,,,,,,,,,,,,,,,,,,,,
IT2021_035,È stata la mano di Dio,US,MIN,,,,,,,,,,,,,,,,,,,,,,
IT2021_036,Per horror intendo…,IT,MAJ,,,,,,,,,,,,,,,,,,,,,,
IT2021_037,Una famiglia mostruosa,IT,MAJ,,,,,,,,,,,,,,,,,,,,,,
IT2021_038,Trafficante di virus,IT,MAJ,,,,,,,,,,,,,,,,,,,,,,
IT2021_038,Gianni Schicchi,CH,MIN,,,,,,,,,,,,,,,,,,,,,,
IT2021_039,The girl in the fountain,IT,MAJ,,,,,,,,,,,,,,,,,,,,,,
IT2021_040,Mollo tutto e apro un chiringuito,IT,MAJ,,,,,,,,,,,,,,,,,,,,,,
IT2021_041,La santa piccola,IT,MAJ,,,,,,,,,,,,,,,,,,,,,,
IT2021_042,Lawrence,IT,MAJ,,,,,,,,,,,,,,,,,,,,,,
IT2021_043,I fratelli De Filippo,IT,MAJ,,,,,,,,,,,,,,,,,,,,,,
IT2021_044,"Caterina Caselli - Una vita, cento vite",IT,MAJ,,,,,,,,,,,,,,,,,,,,,,
IT2021_044,Din don - un paese in due,CH,MIN,,,,,,,,,,,,,,,,,,,,,,
IT2021_045,Chi ha incastrato Babbo Natale?,IT,MAJ,,,,,,,,,,,,,,,,,,,,,,
IT2021_046,Diabolik,IT,MAJ,,,,,,,,,,,,,,,,,,,,,,
IT2021_046,La sorpresa - l'eccezionale storia di Padre Marella,BE,MIN,,,,,,,,,,,,,,,,,,,,,,
IT2021_047,La dernière séance,IT,MAJ,,,,,,,,,,,,,,,,,,,,,,
IT2021_048,Supereroi,IT,MAJ,,,,,,,,,,,,,,,,,,,,,,
IT2021_049,7 donne e un mistero,IT,MAJ,,,,,,,,,,,,,,,,,,,,,,
IT2021_050,La Befana vien di notte: le origini,IT,MAJ,,,,,,,,,,,,,,,,,,,,,,
IT2021_051,Per tutta la vita,IT,MAJ,,,,,,,,,,,,,,,,,,,,,,
IT2021_052,Django & Django,IT,MAJ,,,,,,,,,,,,,,,,,,,,,,
IT2021_053,Promises,IT,MAJ,,,,,,,,,,,,,,,,,,,,,,
IT2021_054,Querido Fidel,IT,MAJ,,,,,,,,,,,,,,,,,,,,,,
IT2021_055,La casa rossa,IT,MAJ,,,,,,,,,,,,,,,,,,,,,,
IT2021_055,La casa rossa,DE,MIN,,,,,,,,,,,,,,,,,,,,,,
IT2021_056,È stata la mano di Dio,IT,MAJ,,,,,,,,,,,,,,,,,,,,,,
IT2021_057,Per horror intendo…,IT,MAJ,,,,,,,,,,,,,,,,,,,,,,
IT2021_058,Una famiglia mostruosa,IT,MAJ,,,,,,,,,,,,,,,,,,,,,,
IT2021_059,Trafficante di virus,IT,MAJ,,,,,,,,,,,,,,,,,,,,,,
IT2021_060,Gianni Schicchi,IT,MAJ,,,,,,,,,,,,,,,,,,,,,,
IT2021_061,The girl in the fountain,IT,MAJ,,,,,,,,,,,,,,,,,,,,,,
IT2021_061,The girl in the fountain,SE,MIN,,,,,,,,,,,,,,,,,,,,,,
IT2021_062,Mollo tutto e apro un chiringuito,IT,MAJ,,,,,,,,,,,,,,,,,,,,,,
IT2021_063,La santa piccola,IT,MAJ,,,,,,,,,,,,,,,,,,,,,,
IT2021_064,Lawrence,IT,MAJ,,,,,,,,,,,,,,,,,,,,,,
IT2021_065,I fratelli De Filippo,IT,MAJ,,,,,,,,,,,,,,,,,,,,,,
IT2021_066,"Caterina Caselli - Una vita, cento vite",IT,MAJ,,,,,,,,,,,,,,,,,,,,,,
IT2021_067,Din don - un paese in due,IT,MAJ,,,,,,,,,,,,,,,,,,,,,,
IT2021_068,Chi ha incastrato Babbo Natale?,IT,MAJ,,,,,,,,,,,,,,,,,,,,,,
IT2021_069,Diabolik,IT,MAJ,,,,,,,,,,,,,,,,,,,,,,
IT2021_070,La sorpresa - l'eccezionale storia di Padre Marella,IT,MAJ,,,,,,,,,,,,,,,,,,,,,,
IT2021_071,La dernière séance,IT,MAJ,,,,,,,,,,,,,,,,,,,,,,
IT2021_071,La dernière séance,FR,MIN,,,,,,,,,,,,,,,,,,,,,,
IT2021_072,Supereroi,IT,MAJ,,,,,,,,,,,,,,,,,,,,,,
IT2021_073,7 donne e un mistero,IT,MAJ,,,,,,,,,,,,,,,,,,,,,,
IT2021_074,La Befana vien di notte: le origini,IT,MAJ,,,,,,,,,,,,,,,,,,,,,,
IT2021_075,"L'acqua, l'insegna la sete",IT,MAJ,,,,,,,,,,,,,,,,,,,,,,
IT2021_076,The book of vision,IT,MAJ,,,,,,,,,,,,,,,,,,,,,,
IT2021_076,The book of vision,GB,MIN,,,,,,,,,,,,,,,,,,,,,,
IT2021_076,The book of vision,BE,MIN,,,,,,,,,,,,,,,,,,,,,,
ES2021_001,¡A todo tren! Destino Asturias,ES,MAJ,,,,,,,,,,,,,,,,,,,,,,
ES2021_002,Way Down,ES,MAJ,,,,,,,,,,,,,,,,,,,,,,
ES2021_002,Way Down,FR,MIN,,,,,,,,,,,,,,,,,,,,,,
ES2021_003,Maixabel,ES,MAJ,,,,,,,,,,,,,,,,,,,,,,
ES2021_004,La familia perfecta,ES,MAJ,,,,,,,,,,,,,,,,,,,,,,
ES2021_005,García y García,ES,MAJ,,,,,,,,,,,,,,,,,,,,,,
ES2021_006,Mediterráneo,ES,MAJ,,,,,,,,,,,,,,,,,,,,,,
ES2021_006,Mediterráneo,GR,MIN,,,,,,,,,,,,,,,,,,,,,,
ES2021_007,Libertad,ES,MAJ,,,,,,,,,,,,,,,,,,,,,,
ES2021_007,Libertad,BE,MIN,,,,,,,,,,,,,,,,,,,,,,
ES2021_008,La vida era eso,ES,MAJ,,,,,,,,,,,,,,,,,,,,,,
ES2021_009,La abuela,ES,MAJ,,,,,,,,,,,,,,,,,,,,,,
ES2021_009,La abuela,FR,MIN,,,,,,,,,,,,,,,,,,,,,,
ES2021_009,La abuela,BE,MIN,,,,,,,,,,,,,,,,,,,,,,
ES2021_010,El Cover,ES,MAJ,,,,,,,,,,,,,,,,,,,,,,
ES2021_010,El Cover,PT,MIN,,,,,,,,,,,,,,,,,,,,,,
ES2021_011,El sustituto,ES,MAJ,,,,,,,,,,,,,,,,,,,,,,
ES2021_011,El sustituto,BE,MIN,,,,,,,,,,,,,,,,,,,,,,
ES2021_012,Sis dies corrents,ES,MAJ,,,,,,,,,,,,,,,,,,,,,,
ES2021_013,Un efecto óptico,ES,MAJ,,,,,,,,,,,,,,,,,,,,,,
ES2021_014,Viaje a alguna parte,ES,MAJ,,,,,,,,,,,,,,,,,,,,,,
ES2021_015,Bolante Baten Historia,FR,MAJ,,,,,,,,,,,,,,,,,,,,,,
ES2021_015,Bolante Baten Historia,ES,MIN,,,,,,,,,,,,,,,,,,,,,,
ES2021_016,Destello Bravío,ES,MAJ,,,,,,,,,,,,,,,,,,,,,,
ES2021_017,Poliamor para principiantes,ES,MAJ,,,,,,,,,,,,,,,,,,,,,,
ES2021_017,Poliamor para principiantes,FR,MIN,,,,,,,,,,,,,,,,,,,,,,
ES2021_018,Amanece en Calcuta,ES,MAJ,,,,,,,,,,,,,,,,,,,,,,
ES2021_019,El lodo,ES,MAJ,,,,,,,,,,,,,,,,,,,,,,
ES2021_020,100 días con la Tata,ES,MAJ,,,,,,,,,,,,,,,,,,,,,,
ES2021_021,Las consecuencias,ES,MAJ,,,,,,,,,,,,,,,,,,,,,,
ES2021_021,Las consecuencias,NL,MIN,,,,,,,,,,,,,,,,,,,,,,
ES2021_021,Las consecuencias,BE,MIN,,,,,,,,,,,,,,,,,,,,,,
ES2021_022,Nora,ES,MAJ,,,,,,,,,,,,,,,,,,,,,,
ES2021_022,Nora,FR,MIN,,,,,,,,,,,,,,,,,,,,,,
ES2021_023,Los que buscamos,ES,MAJ,,,,,,,,,,,,,,,,,,,,,,
ES2021_024,Making Malinche: A Documentary by Nacho Cano,ES,MAJ,,,,,,,,,,,,,,,,,,,,,,
ES2021_025,Clown's planet,ES,MAJ,,,,,,,,,,,,,,,,,,,,,,
ES2021_026,Endless Cinema,ES,MAJ,,,,,,,,,,,,,,,,,,,,,,
ES2021_027,"Gustau, La Transicio Al Descobert",ES,MAJ,,,,,,,,,,,,,,,,,,,,,,
ES2021_028,La ley del embudo,ES,MAJ,,,,,,,,,,,,,,,,,,,,,,
ES2021_029,Occidente,ES,MAJ,,,,,,,,,,,,,,,,,,,,,,
ES2021_030,Retrato de mujer blanca con pelo cano y arrugas,ES,MAJ,,,,,,,,,,,,,,,,,,,,,,
ES2021_031,Piel de barro,ES,MAJ,,,,,,,,,,,,,,,,,,,,,,
ES2021_032,Tristesse,ES,MAJ,,,,,,,,,,,,,,,,,,,,,,
ES2021_033,De Quijotes y semillas,ES,MAJ,,,,,,,,,,,,,,,,,,,,,,
ES2021_034,Entre perro y lobo,ES,MAJ,,,,,,,,,,,,,,,,,,,,,,
ES2021_034,Entre perro y lobo,CU,MIN,,,,,,,,,,,,,,,,,,,,,,
ES2021_035,Nueve Sevillas,ES,MAJ,,,,,,,,,,,,,,,,,,,,,,
ES2021_036,Wan Xia,ES,MAJ,,,,,,,,,,,,,,,,,,,,,,
ES2021_037,The Man Who Wanted to See It All,ES,MAJ,,,,,,,,,,,,,,,,,,,,,,
ES2021_038,Traidores,ES,MAJ,,,,,,,,,,,,,,,,,,,,,,
ES2021_038,Traidores,AR,MIN,,,,,,,,,,,,,,,,,,,,,,
ES2021_039,Los acordes de la memoria,ES,MAJ,,,,,,,,,,,,,,,,,,,,,,
ES2021_040,Dos,ES,MAJ,,,,,,,,,,,,,,,,,,,,,,
ES2021_041,Surcos,ES,MAJ,,,,,,,,,,,,,,,,,,,,,,
GB2021_001,No Time to Die,GB,MAJ,,,,,,,,,,,,,,,,,,,,,,
GB2021_001,No Time to Die,US,MIN,,,,,,,,,,,,,,,,,,,,,,
GB2021_002,The King's Man,GB,MAJ,,,,,,,,,,,,,,,,,,,,,,
GB2021_002,The King's Man,US,MIN,,,,,,,,,,,,,,,,,,,,,,
GB2021_003,Minamata,GB,MAJ,,,,,,,,,,,,,,,,,,,,,,
GB2021_003,Minamata,US,MIN,,,,,,,,,,,,,,,,,,,,,,
GB2021_003,Minamata,AE,MIN,,,,,,,,,,,,,,,,,,,,,,
GB2021_004,Last Night in Soho,GB,MAJ,,,,,,,,,,,,,,,,,,,,,,
GB2021_005,The Father,GB,MAJ,,,,,,,,,,,,,,,,,,,,,,
GB2021_005,The Father,FR,MIN,,,,,,,,,,,,,,,,,,,,,,
GB2021_006,A Boy Called Christmas,GB,MAJ,,,,,,,,,,,,,,,,,,,,,,
GB2021_006,A Boy Called Christmas,FR,MIN,,,,,,,,,,,,,,,,,,,,,,
GB2021_007,Supernova,GB,MAJ,,,,,,,,,,,,,,,,,,,,,,
GB2021_008,Boxing Day,GB,MAJ,,,,,,,,,,,,,,,,,,,,,,
GB2021_009,Mothering Sunday,GB,MAJ,,,,,,,,,,,,,,,,,,,,,,
GB2021_010,The Last Bus,GB,MAJ,,,,,,,,,,,,,,,,,,,,,,
GB2021_010,The Last Bus,AE,MIN,,,,,,,,,,,,,,,,,,,,,,
GB2021_011,Off the rails,GB,MAJ,,,,,,,,,,,,,,,,,,,,,,
GB2021_012,The Mauritanian,GB,MAJ,,,,,,,,,,,,,,,,,,,,,,
GB2021_012,The Mauritanian,US,MIN,,,,,,,,,,,,,,,,,,,,,,
GB2021_014,Rise of the Footsoldier: Origins,GB,MAJ,,,,,,,,,,,,,,,,,,,,,,
GB2021_015,To Olivia,GB,MAJ,,,,,,,,,,,,,,,,,,,,,,
GB2021_015,To Olivia,US,MIN,,,,,,,,,,,,,,,,,,,,,,
GB2021_016,Sir Alex Ferguson: Never Give In,GB,MAJ,,,,,,,,,,,,,,,,,,,,,,
GB2021_017,After Love,GB,MAJ,,,,,,,,,,,,,,,,,,,,,,
GB2021_018,Six Minutes to Midnight,GB,MAJ,,,,,,,,,,,,,,,,,,,,,,
GB2021_019,The Dig,GB,MAJ,,,,,,,,,,,,,,,,,,,,,,
GB2021_019,The Dig,US,MIN,,,,,,,,,,,,,,,,,,,,,,
GB2021_020,The Unforgivable,GB,MAJ,,,,,,,,,,,,,,,,,,,,,,
GB2021_020,The Unforgivable,DE,MIN,,,,,,,,,,,,,,,,,,,,,,
GB2021_020,The Unforgivable,US,MIN,,,,,,,,,,,,,,,,,,,,,,
GB2021_021,Mosley,GB,MAJ,,,,,,,,,,,,,,,,,,,,,,
GB2021_022,Dracula on Holiday,GB,MAJ,,,,,,,,,,,,,,,,,,,,,,
GB2021_023,The Football Monologues,GB,MAJ,,,,,,,,,,,,,,,,,,,,,,
GB2021_024,The United Way,GB,MAJ,,,,,,,,,,,,,,,,,,,,,,
GB2021_025,Everybody's Talking About Jamie,GB,MAJ,,,,,,,,,,,,,,,,,,,,,,
GB2021_025,Everybody's Talking About Jamie,US,MIN,,,,,,,,,,,,,,,,,,,,,,
GB2021_026,The Obscure Life of the Grand Duke of Corsica,GB,MAJ,,,,,,,,,,,,,,,,,,,,,,
GB2021_027,Great North: A Run. A River. A Region.,GB,MAJ,,,,,,,,,,,,,,,,,,,,,,
GB2021_028,Red Mist,GB,MAJ,,,,,,,,,,,,,,,,,,,,,,
GB2021_029,Almost Liverpool 8,GB,MAJ,,,,,,,,,,,,,,,,,,,,,,
GB2021_030,Creation Stories,GB,MAJ,,,,,,,,,,,,,,,,,,,,,,
GB2021_030,Creation Stories,US,MIN,,,,,,,,,,,,,,,,,,,,,,
GB2021_031,Twist,GB,MAJ,,,,,,,,,,,,,,,,,,,,,,
GB2021_031,Twist,US,MIN,,,,,,,,,,,,,,,,,,,,,,
GB2021_032,To Be Someone,GB,MAJ,,,,,,,,,,,,,,,,,,,,,,
GB2021_033,The Human Factor,GB,MAJ,,,,,,,,,,,,,,,,,,,,,,
GB2021_033,The Human Factor,IL,MIN,,,,,,,,,,,,,,,,,,,,,,
GB2021_034,The Toll,GB,MAJ,,,,,,,,,,,,,,,,,,,,,,
GB2021_035,Undergods,GB,MAJ,,,,,,,,,,,,,,,,,,,,,,
GB2021_035,Undergods,RS,MIN,,,,,,,,,,,,,,,,,,,,,,
GB2021_035,Undergods,BE,MIN,,,,,,,,,,,,,,,,,,,,,,
GB2021_035,Undergods,SE,MIN,,,,,,,,,,,,,,,,,,,,,,
GB2021_035,Undergods,EE,MIN,,,,,,,,,,,,,,,,,,,,,,
GB2021_036,Lawrence: After Arabia,GB,MAJ,,,,,,,,,,,,,,,,,,,,,,
GB2021_037,Men Who Sing,GB,MAJ,,,,,,,,,,,,,,,,,,,,,,
GB2021_037,Men Who Sing,SE,MIN,,,,,,,,,,,,,,,,,,,,,,
GB2021_038,The War Below,GB,MAJ,,,,,,,,,,,,,,,,,,,,,,
GB2021_038,The War Below,US,MIN,,,,,,,,,,,,,,,,,,,,,,
GB2021_039,Janine Jansen Falling for Stradivari,GB,MAJ,,,,,,,,,,,,,,,,,,,,,,
GB2021_040,Misha and the Wolves,GB,MAJ,,,,,,,,,,,,,,,,,,,,,,
GB2021_040,Misha and the Wolves,BE,MIN,,,,,,,,,,,,,,,,,,,,,,
GB2021_041,Bull,GB,MAJ,,,,,,,,,,,,,,,,,,,,,,
GB2021_042,La Cha Cha,GB,MAJ,,,,,,,,,,,,,,,,,,,,,,
GB2021_043,Shepherd,GB,MAJ,,,,,,,,,,,,,,,,,,,,,,
GB2021_044,Arsène Wenger: Invincible,GB,MAJ,,,,,,,,,,,,,,,,,,,,,,
GB2021_044,Arsène Wenger: Invincible,FR,MIN,,,,,,,,,,,,,,,,,,,,,,
GB2021_045,The Colour Room,GB,MAJ,,,,,,,,,,,,,,,,,,,,,,
GB2021_046,Rebel Dykes,GB,MAJ,,,,,,,,,,,,,,,,,,,,,,
GB2021_047,Rare Beasts,GB,MAJ,,,,,,,,,,,,,,,,,,,,,,
GB2021_048,Blithe Spirit,GB,MAJ,,,,,,,,,,,,,,,,,,,,,,
GB2021_048,Blithe Spirit,US,MIN,,,,,,,,,,,,,,,,,,,,,,
GB2021_048,Blithe Spirit,AU,MIN,,,,,,,,,,,,,,,,,,,,,,
RO2021_001,,RO,MAJ,,,,,,,,,,,,,,,,,,,,,,
RO2021_001,,LU,MIN,,,,,,,,,,,,,,,,,,,,,,
RO2021_001,,CZ,MIN,,,,,,,,,,,,,,,,,,,,,,
RO2021_001,,HR,MIN,,,,,,,,,,,,,,,,,,,,,,
RO2021_001,,CH,MIN,,,,,,,,,,,,,,,,,,,,,,
RO2021_001,,GB,MIN,,,,,,,,,,,,,,,,,,,,,,
RO2021_002,,RO,MAJ,,,,,,,,,,,,,,,,,,,,,,
RO2021_003,,RO,MAJ,,,,,,,,,,,,,,,,,,,,,,
RO2021_004,,RO,MAJ,,,,,,,,,,,,,,,,,,,,,,
RO2021_005,,RO,MAJ,,,,,,,,,,,,,,,,,,,,,,
RO2021_006,,RO,MAJ,,,,,,,,,,,,,,,,,,,,,,
RO2021_007,,RO,MAJ,,,,,,,,,,,,,,,,,,,,,,
RO2021_008,,RO,MAJ,,,,,,,,,,,,,,,,,,,,,,
RO2021_009,,RO,MAJ,,,,,,,,,,,,,,,,,,,,,,
RO2021_010,,RO,MAJ,,,,,,,,,,,,,,,,,,,,,,
RO2021_010,,US,MIN,,,,,,,,,,,,,,,,,,,,,,
RO2021_011,,RO,MAJ,,,,,,,,,,,,,,,,,,,,,,
RO2021_012,,RO,MAJ,,,,,,,,,,,,,,,,,,,,,,
RO2021_012,,BE,MIN,,,,,,,,,,,,,,,,,,,,,,
RO2021_013,,RO,MAJ,,,,,,,,,,,,,,,,,,,,,,
RO2021_014,,RO,MAJ,,,,,,,,,,,,,,,,,,,,,,
RO2021_015,,RO,MAJ,,,,,,,,,,,,,,,,,,,,,,
RO2021_015,,US,MIN,,,,,,,,,,,,,,,,,,,,,,
RO2021_016,,RO,MAJ,,,,,,,,,,,,,,,,,,,,,,
RO2021_016,,SE,MIN,,,,,,,,,,,,,,,,,,,,,,
RO2021_017,,RO,MAJ,,,,,,,,,,,,,,,,,,,,,,
RO2021_018,,RO,MAJ,,,,,,,,,,,,,,,,,,,,,,
RO2022_001,,RO,MAJ,,,,,,,,,,,,,,,,,,,,,,
RO2022_002,,RO,MAJ,,,,,,,,,,,,,,,,,,,,,,
RO2022_002,,DE,MIN,,,,,,,,,,,,,,,,,,,,,,
RO2022_002,,RS,MIN,,,,,,,,,,,,,,,,,,,,,,
RO2022_003,,RO,MAJ,,,,,,,,,,,,,,,,,,,,,,
RO2022_004,,RO,MAJ,,,,,,,,,,,,,,,,,,,,,,
RO2022_004,,BG,MIN,,,,,,,,,,,,,,,,,,,,,,
RO2022_004,,RS,MIN,,,,,,,,,,,,,,,,,,,,,,
RO2022_005,,RO,MAJ,,,,,,,,,,,,,,,,,,,,,,
RO2022_006,,RO,MAJ,,,,,,,,,,,,,,,,,,,,,,
RO2022_007,,RO,MAJ,,,,,,,,,,,,,,,,,,,,,,
RO2022_008,,RO,MAJ,,,,,,,,,,,,,,,,,,,,,,
RO2022_009,,RO,MAJ,,,,,,,,,,,,,,,,,,,,,,
RO2022_010,,RO,MAJ,,,,,,,,,,,,,,,,,,,,,,
RO2022_011,,RO,MAJ,,,,,,,,,,,,,,,,,,,,,,
RO2022_012,,RO,MAJ,,,,,,,,,,,,,,,,,,,,,,
RO2022_013,,RO,MAJ,,,,,,,,,,,,,,,,,,,,,,
RO2022_014,,RO,MAJ,,,,,,,,,,,,,,,,,,,,,,
RO2022_015,,RO,MAJ,,,,,,,,,,,,,,,,,,,,,,
RO2022_016,,RO,MAJ,,,,,,,,,,,,,,,,,,,,,,
RO2022_016,,FR,MIN,,,,,,,,,,,,,,,,,,,,,,
RO2022_016,,BE,MIN,,,,,,,,,,,,,,,,,,,,,,
RO2022_017,,RO,MAJ,,,,,,,,,,,,,,,,,,,,,,
RO2022_017,,HU,MIN,,,,,,,,,,,,,,,,,,,,,,
RO2022_018,,RO,MAJ,,,,,,,,,,,,,,,,,,,,,,
RO2022_019,,RO,MAJ,,,,,,,,,,,,,,,,,,,,,,
RO2022_020,,RO,MAJ,,,,,,,,,,,,,,,,,,,,,,
RO2022_020,,CZ,MIN,,,,,,,,,,,,,,,,,,,,,,
RO2022_021,,RO,MAJ,,,,,,,,,,,,,,,,,,,,,,
RO2022_021,,FR,MIN,,,,,,,,,,,,,,,,,,,,,,
RO2022_022,,RO,MAJ,,,,,,,,,,,,,,,,,,,,,,
RO2022_023,,RO,MAJ,,,,,,,,,,,,,,,,,,,,,,
RO2022_023,,CZ,MIN,,,,,,,,,,,,,,,,,,,,,,
RO2022_023,,LV,MIN,,,,,,,,,,,,,,,,,,,,,,
RO2022_024,,RO,MAJ,,,,,,,,,,,,,,,,,,,,,,
RO2022_025,,RO,MAJ,,,,,,,,,,,,,,,,,,,,,,
RO2022_026,,RO,MAJ,,,,,,,,,,,,,,,,,,,,,,
RO2022_026,,BG,MIN,,,,,,,,,,,,,,,,,,,,,,
RO2022_027,,RO,MAJ,,,,,,,,,,,,,,,,,,,,,,
RO2022_027,,BG,MIN,,,,,,,,,,,,,,,,,,,,,,
RO2022_027,,SE,MIN,,,,,,,,,,,,,,,,,,,,,,
RO2022_027,,DE,MIN,,,,,,,,,,,,,,,,,,,,,,
RO2022_028,,RO,MAJ,,,,,,,,,,,,,,,,,,,,,,
RO2022_029,,RO,MAJ,,,,,,,,,,,,,,,,,,,,,,
RO2022_029,,FR,MIN,,,,,,,,,,,,,,,,,,,,,,
RO2022_030,,RO,MAJ,,,,,,,,,,,,,,,,,,,,,,
RO2022_031,,RO,MAJ,,,,,,,,,,,,,,,,,,,,,,
RO2022_031,,HU,MIN,,,,,,,,,,,,,,,,,,,,,,
RO2022_032,,RO,MAJ,,,,,,,,,,,,,,,,,,,,,,
RO2022_033,,RO,MAJ,,,,,,,,,,,,,,,,,,,,,,
RO2022_034,,RO,MAJ,,,,,,,,,,,,,,,,,,,,,,
RO2022_035,,RO,MAJ,,,,,,,,,,,,,,,,,,,,,,
RO2022_036,,RO,MAJ,,,,,,,,,,,,,,,,,,,,,,
RO2022_037,,RO,MAJ,,,,,,,,,,,,,,,,,,,,,,
RO2022_037,,SK,MIN,,,,,,,,,,,,,,,,,,,,,,
DE2021_001,Weissbier im Blut,DE,MAJ,,,,,,,,,,,,,,,,,,,,,,
DE2021_002,Die Vergesslichkeit der Eichhörnchen ,DE,MAJ,,,,,,,,,,,,,,,,,,,,,,
DE2021_003,Home,DE,MAJ,,,,,,,,,,,,,,,,,,,,,,
DE2021_003,Home,NL,MIN,,,,,,,,,,,,,,,,,,,,,,
DE2021_004,Herr Bachmann und seine Klasse ,DE,MAJ,,,,,,,,,,,,,,,,,,,,,,
DE2021_005,Töchter ,DE,MAJ,,,,,,,,,,,,,,,,,,,,,,
DE2021_005,Töchter ,IT,MIN,,,,,,,,,,,,,,,,,,,,,,
DE2021_005,Töchter ,GR,MIN,,,,,,,,,,,,,,,,,,,,,,
DE2021_006,Walchensee Forever,DE,MAJ,,,,,,,,,,,,,,,,,,,,,,
DE2021_007,Sommer-Rebellen,DE,MAJ,,,,,,,,,,,,,,,,,,,,,,
DE2021_007,Sommer-Rebellen,SK,MIN,,,,,,,,,,,,,,,,,,,,,,
DE2021_008,Mein Sohn,DE,MAJ,,,,,,,,,,,,,,,,,,,,,,
DE2021_009,Das schwarze Quadrat,DE,MAJ,,,,,,,,,,,,,,,,,,,,,,
DE2021_010,Szenen meiner Ehe,DE,MAJ,,,,,,,,,,,,,,,,,,,,,,
DE2021_011,Kids Run,DE,MAJ,,,,,,,,,,,,,,,,,,,,,,
DE2021_012,Stillstehen,DE,MAJ,,,,,,,,,,,,,,,,,,,,,,
DE2021_013,Stowaway,DE,MAJ,,,,,,,,,,,,,,,,,,,,,,
DE2021_013,Stowaway,US,MIN,,,,,,,,,,,,,,,,,,,,,,
DE2021_013,Stowaway,GB,MIN,,,,,,,,,,,,,,,,,,,,,,
DE2021_014,Catweazle,DE,MAJ,,,,,,,,,,,,,,,,,,,,,,
DE2021_015,Ich bin dein Mensch,DE,MAJ,,,,,,,,,,,,,,,,,,,,,,
DE2021_016,Shorty und das Geheimnis des Zauberriffs,DE,MAJ,,,,,,,,,,,,,,,,,,,,,,
DE2021_017,Im Feuer,DE,MAJ,,,,,,,,,,,,,,,,,,,,,,
DE2021_017,Im Feuer,GR,MIN,,,,,,,,,,,,,,,,,,,,,,
DE2021_018,Nebenan,DE,MAJ,,,,,,,,,,,,,,,,,,,,,,
DE2021_019,Wir alle. Das Dorf,DE,MAJ,,,,,,,,,,,,,,,,,,,,,,
DE2021_020,Gasmann,DE,MAJ,,,,,,,,,,,,,,,,,,,,,,
DE2021_021,Glück,DE,MAJ,,,,,,,,,,,,,,,,,,,,,,
DE2021_022,Smelliville,DE,MAJ,,,,,,,,,,,,,,,,,,,,,,
DE2021_022,Smelliville,BE,MAJ,,,,,,,,,,,,,,,,,,,,,,
DE2021_023,Julia muss sterben,DE,MAJ,,,,,,,,,,,,,,,,,,,,,,
DE2021_024,Ostwind - Der große Orkan,DE,MAJ,,,,,,,,,,,,,,,,,,,,,,
DE2021_025,Fabian oder Der Gang vor die Hunde,DE,MAJ,,,,,,,,,,,,,,,,,,,,,,
DE2021_026,Kaiserschmarrndrama,DE,MAJ,,,,,,,,,,,,,,,,,,,,,,
DE2021_027,Kultourhelden,DE,MAJ,,,,,,,,,,,,,,,,,,,,,,
DE2021_028,Look Me Over: Liberace,DE,MAJ,,,,,,,,,,,,,,,,,,,,,,
DE2021_029,Kunst kommt aus dem Schnabel wie er gewachsen ist,DE,MAJ,,,,,,,,,,,,,,,,,,,,,,
DE2021_030,Nahschuss,DE,MAJ,,,,,,,,,,,,,,,,,,,,,,
DE2021_031,Neubau,DE,MAJ,,,,,,,,,,,,,,,,,,,,,,
DE2021_032,Wem gehört mein Dorf?,DE,MAJ,,,,,,,,,,,,,,,,,,,,,,
DE2021_033,Die Frau des Piloten,DE,MAJ,,,,,,,,,,,,,,,,,,,,,,
DE2021_033,Die Frau des Piloten,FR,MIN,,,,,,,,,,,,,,,,,,,,,,
DE2021_034,König der Raben,DE,MAJ,,,,,,,,,,,,,,,,,,,,,,
DE2021_035,Coup,DE,MAJ,,,,,,,,,,,,,,,,,,,,,,
DE2021_036,Sky Sharks,DE,MAJ,,,,,,,,,,,,,,,,,,,,,,
DE2021_037,Tides,DE,MAJ,,,,,,,,,,,,,,,,,,,,,,
DE2021_037,Tides,CH,MIN,,,,,,,,,,,,,,,,,,,,,,
DE2021_038,Bekenntnisse des Hochstaplers Felix Krull,DE,MAJ,,,,,,,,,,,,,,,,,,,,,,
DE2021_039,Mary Bauermeister - eins und eins ist drei,DE,MAJ,,,,,,,,,,,,,,,,,,,,,,
DE2021_040,Vic the Viking and the Magic Sword,DE,MAJ,,,,,,,,,,,,,,,,,,,,,,
DE2021_040,Vic the Viking and the Magic Sword,FR,MIN,,,,,,,,,,,,,,,,,,,,,,
DE2021_040,Vic the Viking and the Magic Sword,BE,MIN,,,,,,,,,,,,,,,,,,,,,,
DE2021_041,1986,DE,MAJ,,,,,,,,,,,,,,,,,,,,,,
DE2021_041,1986,BY,MIN,,,,,,,,,,,,,,,,,,,,,,
DE2021_042,Beckenrand Sheriff,DE,MAJ,,,,,,,,,,,,,,,,,,,,,,
DE2021_043,Curveball,DE,MAJ,,,,,,,,,,,,,,,,,,,,,,
DE2021_044,Ein Nasser Hund,DE,MAJ,,,,,,,,,,,,,,,,,,,,,,
DE2021_045,Ivie wie Ivie,DE,MAJ,,,,,,,,,,,,,,,,,,,,,,
DE2021_046,Je Suis Karl,DE,MAJ,,,,,,,,,,,,,,,,,,,,,,
DE2021_046,Je Suis Karl,CZ,MIN,,,,,,,,,,,,,,,,,,,,,,
DE2021_047,Gender Crisis,DE,MAJ,,,,,,,,,,,,,,,,,,,,,,
DE2021_048,The Royal Game,DE,MAJ,,,,,,,,,,,,,,,,,,,,,,
DE2021_049,The Sunlit Night,DE,MAJ,,,,,,,,,,,,,,,,,,,,,,
DE2021_049,The Sunlit Night,NO,MIN,,,,,,,,,,,,,,,,,,,,,,
DE2021_050,Zu den Sternen,DE,MAJ,,,,,,,,,,,,,,,,,,,,,,
DE2021_051,Nö,DE,MAJ,,,,,,,,,,,,,,,,,,,,,,
DE2021_052,Die Pfefferkörner und der Schatz der Tiefsee,DE,MAJ,,,,,,,,,,,,,,,,,,,,,,
DE2021_053,Le Prince,DE,MAJ,,,,,,,,,,,,,,,,,,,,,,
DE2021_054,Lost in Face,DE,MAJ,,,,,,,,,,,,,,,,,,,,,,
DE2021_055,Das Haus,DE,MAJ,,,,,,,,,,,,,,,,,,,,,,
DE2021_056,Der Siebzehnte,DE,MAJ,,,,,,,,,,,,,,,,,,,,,,
DE2021_057,Uta,DE,MAJ,,,,,,,,,,,,,,,,,,,,,,
DE2021_058,Die Schule der magischen Tiere,DE,MAJ,,,,,,,,,,,,,,,,,,,,,,
DE2021_058,Die Schule der magischen Tiere,AT,MIN,,,,,,,,,,,,,,,,,,,,,,
DE2021_059,Endlich Tacheles,DE,MAJ,,,,,,,,,,,,,,,,,,,,,,
DE2021_060,"Es ist nur eine Phase, Hase",DE,MAJ,,,,,,,,,,,,,,,,,,,,,,
DE2021_061,Eine einsame Stadt,DE,MAJ,,,,,,,,,,,,,,,,,,,,,,
DE2021_062,Genderation,DE,MAJ,,,,,,,,,,,,,,,,,,,,,,
DE2021_063,Die letzte Stadt,DE,MAJ,,,,,,,,,,,,,,,,,,,,,,
DE2021_064,Contra,DE,MAJ,,,,,,,,,,,,,,,,,,,,,,
DE2021_065,Monster Family 2,DE,MAJ,,,,,,,,,,,,,,,,,,,,,,
DE2021_065,Monster Family 2,GB,MIN,,,,,,,,,,,,,,,,,,,,,,
DE2021_066,Paris - Kein Tag ohne dich,DE,MAJ,,,,,,,,,,,,,,,,,,,,,,
DE2021_067,Die Rettung der uns bekannten Welt,DE,MAJ,,,,,,,,,,,,,,,,,,,,,,
DE2021_068,Eine Handvoll Wasser,DE,MAJ,,,,,,,,,,,,,,,,,,,,,,
DE2021_069,Windstill,DE,MAJ,,,,,,,,,,,,,,,,,,,,,,
DE2021_070,Lieber Thomas,DE,MAJ,,,,,,,,,,,,,,,,,,,,,,
DE2021_071,Tagundnachtgleiche,DE,MAJ,,,,,,,,,,,,,,,,,,,,,,
DE2021_072,Baden gegen Württemberg,DE,MAJ,,,,,,,,,,,,,,,,,,,,,,
DE2021_073,Bilder (m)einer Mutter,DE,MAJ,,,,,,,,,,,,,,,,,,,,,,
DE2021_074,Hannes,DE,MAJ,,,,,,,,,,,,,,,,,,,,,,
DE2021_075,A Pure Place,DE,MAJ,,,,,,,,,,,,,,,,,,,,,,
DE2021_075,A Pure Place,GR,MIN,,,,,,,,,,,,,,,,,,,,,,
DE2021_076,Plan A,DE,MAJ,,,,,,,,,,,,,,,,,,,,,,
DE2021_076,Plan A,IL,MIN,,,,,,,,,,,,,,,,,,,,,,
DE2021_077,Zeros and Ones,DE,MAJ,,,,,,,,,,,,,,,,,,,,,,
DE2022_001,Wunderschön ,DE,MAJ,,,,,,,,,,,,,,,,,,,,,,
DE2022_002,Das Mädchen mit den goldenen Hände,DE,MAJ,,,,,,,,,,,,,,,,,,,,,,
DE2022_003,Bettina,DE,MAJ,,,,,,,,,,,,,,,,,,,,,,
DE2022_003,Bettina,DE,MAJ,,,,,,,,,,,,,,,,,,,,,,
DE2022_004,Alles in bester Ordnung ,DE,MAJ,,,,,,,,,,,,,,,,,,,,,,
DE2022_005,Heikos Welt,DE,MAJ,,,,,,,,,,,,,,,,,,,,,,
DE2022_006,A E I O U - Das schnelle Alphabet der Liebe,DE,MAJ,,,,,,,,,,,,,,,,,,,,,,
DE2022_006,A E I O U - Das schnelle Alphabet der Liebe,FR,MIN,,,,,,,,,,,,,,,,,,,,,,
DE2022_007,Freibad,DE,MAJ,,,,,,,,,,,,,,,,,,,,,,
DE2022_008,Alle reden übers Wetter ,DE,MAJ,,,,,,,,,,,,,,,,,,,,,,
DE2022_009,      Mittagsstunde,DE,MAJ,,,,,,,,,,,,,,,,,,,,,,
DE2022_010,Mutter,DE,MAJ,,,,,,,,,,,,,,,,,,,,,,
DE2022_011,Der Nachname ,DE,MAJ,,,,,,,,,,,,,,,,,,,,,,
DE2022_012,Wer gräbt den Bestatter ein?,DE,MAJ,,,,,,,,,,,,,,,,,,,,,,
DE2022_013,Die stillen Trabanten,DE,MAJ,,,,,,,,,,,,,,,,,,,,,,
DE2022_001,Niemand ist bei den Kälbern,DE,MAJ,,,,,,,,,,,,,,,,,,,,,,
DE2022_002,Schattenstunde,DE,MAJ,,,,,,,,,,,,,,,,,,,,,,
DE2022_003,Wunderschön ,DE,MAJ,,,,,,,,,,,,,,,,,,,,,,
DE2022_004,Träume sind wie wilde Tiger,DE,MAJ,,,,,,,,,,,,,,,,,,,,,,
DE2022_005,Der Boandlkramer und die ewige Liebe,DE,MAJ,,,,,,,,,,,,,,,,,,,,,,
DE2022_006,Trübe Wolken,DE,MAJ,,,,,,,,,,,,,,,,,,,,,,
DE2022_007,Das Mädchen mit den goldenen Hände,DE,MAJ,,,,,,,,,,,,,,,,,,,,,,
DE2022_008,Der Pfad,DE,MAJ,,,,,,,,,,,,,,,,,,,,,,
DE2022_008,Der Pfad,ES,MIN,,,,,,,,,,,,,,,,,,,,,,
DE2022_009,Europe,DE,MAJ,,,,,,,,,,,,,,,,,,,,,,
DE2022_009,Europe,BE,MIN,,,,,,,,,,,,,,,,,,,,,,
DE2022_010,Vatersland,DE,MAJ,,,,,,,,,,,,,,,,,,,,,,
DE2022_011,Die Häschenschule - Der große Eierklau,DE,MAJ,,,,,,,,,,,,,,,,,,,,,,
DE2022_012,JGA: Jasmin. Gina. Anna.,DE,MAJ,,,,,,,,,,,,,,,,,,,,,,
DE2022_013,Trümmermädchen,DE,MAJ,,,,,,,,,,,,,,,,,,,,,,
DE2022_014,Moonbound,DE,MAJ,,,,,,,,,,,,,,,,,,,,,,
DE2022_014,Moonbound,AT,MIN,,,,,,,,,,,,,,,,,,,,,,
DE2022_015,Im Nachtlicht,DE,MAJ,,,,,,,,,,,,,,,,,,,,,,
DE2022_016,Son of Cornwall,DE,MAJ,,,,,,,,,,,,,,,,,,,,,,
DE2022_017,Eingeschlossene Gesellschaft,DE,MAJ,,,,,,,,,,,,,,,,,,,,,,
DE2022_018,Geschichten vom Franz,DE,MAJ,,,,,,,,,,,,,,,,,,,,,,
DE2022_018,Geschichten vom Franz,AT,MIN,,,,,,,,,,,,,,,,,,,,,,
DE2022_019,Go Heal Yourself,DE,MAJ,,,,,,,,,,,,,,,,,,,,,,
DE2022_020,Köy,DE,MAJ,,,,,,,,,,,,,,,,,,,,,,
DE2022_021,Das Glaszimmer,DE,MAJ,,,,,,,,,,,,,,,,,,,,,,
DE2022_022,Die Saat,DE,MAJ,,,,,,,,,,,,,,,,,,,,,,
DE2022_023,Wolke unterm Dach,DE,MAJ,,,,,,,,,,,,,,,,,,,,,,
DE2022_024,"Der Mann, der die Welt aß",DE,MAJ,,,,,,,,,,,,,,,,,,,,,,
DE2022_025,Rabiye Kurnaz gegen George W. Bush,DE,MAJ,,,,,,,,,,,,,,,,,,,,,,
DE2022_025,Rabiye Kurnaz gegen George W. Bush,FR,MIN,,,,,,,,,,,,,,,,,,,,,,
DE2022_026,Der Onkel,DE,MAJ,,,,,,,,,,,,,,,,,,,,,,
DE2022_026,Der Onkel,AT,MIN,,,,,,,,,,,,,,,,,,,,,,
DE2022_027,Blutsauger,DE,MAJ,,,,,,,,,,,,,,,,,,,,,,
DE2022_028,Heinrich Vogeler - Aus dem Leben eines Träumers,DE,MAJ,,,,,,,,,,,,,,,,,,,,,,
DE2022_029,Nico,DE,MAJ,,,,,,,,,,,,,,,,,,,,,,
DE2022_030,Willi und die Wunderkröte,DE,MAJ,,,,,,,,,,,,,,,,,,,,,,
DE2022_031,Bettina,DE,MAJ,,,,,,,,,,,,,,,,,,,,,,
DE2022_032,Stasikomödie,DE,MAJ,,,,,,,,,,,,,,,,,,,,,,
DE2022_033,Ökozid,DE,MAJ,,,,,,,,,,,,,,,,,,,,,,
DE2022_034,Die Bilderkriegerin,DE,MAJ,,,,,,,,,,,,,,,,,,,,,,
DE2022_035,Immenhof - Das große Versprechen,DE,MAJ,,,,,,,,,,,,,,,,,,,,,,
DE2022_036,Mia and Me: The Hero of Centopia,DE,MAJ,,,,,,,,,,,,,,,,,,,,,,
DE2022_036,Mia and Me: The Hero of Centopia,AU,MIN,,,,,,,,,,,,,,,,,,,,,,
DE2022_036,Mia and Me: The Hero of Centopia,IN,MIN,,,,,,,,,,,,,,,,,,,,,,
DE2022_037,Alles in bester Ordnung ,DE,MAJ,,,,,,,,,,,,,,,,,,,,,,
DE2022_038,Heiko`s Welt ,DE,MAJ,,,,,,,,,,,,,,,,,,,,,,
DE2022_039,Bastard in Mind,DE,MAJ,,,,,,,,,,,,,,,,,,,,,,
DE2022_040,Rivale,DE,MAJ,,,,,,,,,,,,,,,,,,,,,,
DE2022_040,Rivale,UA,MIN,,,,,,,,,,,,,,,,,,,,,,
DE2022_041,The Strait Guys,DE,MAJ,,,,,,,,,,,,,,,,,,,,,,
DE2022_041,The Strait Guys,FI,MIN,,,,,,,,,,,,,,,,,,,,,,
DE2022_041,The Strait Guys,CA,MIN,,,,,,,,,,,,,,,,,,,,,,
DE2022_042,Ein großes Versprechen,DE,MAJ,,,,,,,,,,,,,,,,,,,,,,
DE2022_043,Zum Tod meiner Mutter,DE,MAJ,,,,,,,,,,,,,,,,,,,,,,
DE2022_044,Die Geschichte der Menschheit - leicht gekürzt,DE,MAJ,,,,,,,,,,,,,,,,,,,,,,
DE2022_044,Die Geschichte der Menschheit - leicht gekürzt,CH,MIN,,,,,,,,,,,,,,,,,,,,,,
DE2022_045,Endlich unendlich,DE,MAJ,,,,,,,,,,,,,,,,,,,,,,
DE2022_045,Endlich unendlich,AT,MIN,,,,,,,,,,,,,,,,,,,,,,
DE2022_046,Zwischen uns,DE,MAJ,,,,,,,,,,,,,,,,,,,,,,
DE2022_047,Stand Up,DE,MAJ,,,,,,,,,,,,,,,,,,,,,,
DE2022_048,A E I O U - Das schnelle Alphabet der Liebe,DE,MAJ,,,,,,,,,,,,,,,,,,,,,,
DE2022_048,A E I O U - Das schnelle Alphabet der Liebe,FR,MIN,,,,,,,,,,,,,,,,,,,,,,
DE2022_049,Dear Memories - Eine Reise mit dem Magnum-Fotografen Thomas Hoepker,DE,MAJ,,,,,,,,,,,,,,,,,,,,,,
DE2022_049,Dear Memories - Eine Reise mit dem Magnum-Fotografen Thomas Hoepker,CH,MIN,,,,,,,,,,,,,,,,,,,,,,
DE2022_050,Axiom,DE,MAJ,,,,,,,,,,,,,,,,,,,,,,
DE2022_051,Alfons Zitterbacke - Endlich Klassenfahrt!,DE,MAJ,,,,,,,,,,,,,,,,,,,,,,
DE2022_052,Best Birthday Ever,DE,MAJ,,,,,,,,,,,,,,,,,,,,,,
DE2022_052,Best Birthday Ever,NL,MIN,,,,,,,,,,,,,,,,,,,,,,
DE2022_052,Best Birthday Ever,SE,MIN,,,,,,,,,,,,,,,,,,,,,,
DE2022_053,Liebesdings,DE,MAJ,,,,,,,,,,,,,,,,,,,,,,
DE2022_054,The Expert at the Card Table,DE,MAJ,,,,,,,,,,,,,,,,,,,,,,
DE2022_055,Everything Will Change,DE,MAJ,,,,,,,,,,,,,,,,,,,,,,
DE2022_055,Everything Will Change,NL,MIN,,,,,,,,,,,,,,,,,,,,,,
DE2022_056,Bibi & Tina: Einfach Anders,DE,MAJ,,,,,,,,,,,,,,,,,,,,,,
DE2022_057,Geborgtes Weiß,DE,MAJ,,,,,,,,,,,,,,,,,,,,,,
DE2022_058,Guglhupfgeschwader,DE,MAJ,,,,,,,,,,,,,,,,,,,,,,
DE2022_059,No Name Restaurant,DE,MAJ,,,,,,,,,,,,,,,,,,,,,,
DE2022_060,Der junge Häuptling Winnetou,DE,MAJ,,,,,,,,,,,,,,,,,,,,,,
DE2022_061,Grand Jeté,DE,MAJ,,,,,,,,,,,,,,,,,,,,,,
DE2022_062,Sweet Disaster,DE,MAJ,,,,,,,,,,,,,,,,,,,,,,
DE2022_063,Die Zukunft ist ein einsamer Ort,DE,MAJ,,,,,,,,,,,,,,,,,,,,,,
DE2022_064,Jagdsaison,DE,MAJ,,,,,,,,,,,,,,,,,,,,,,
DE2022_065,Die Känguru-Verschwörung,DE,MAJ,,,,,,,,,,,,,,,,,,,,,,
DE2022_066,Evolution,DE,MAJ,,,,,,,,,,,,,,,,,,,,,,
DE2022_066,Evolution,HU,MIN,,,,,,,,,,,,,,,,,,,,,,
DE2022_067,Freibad,DE,MAJ,,,,,,,,,,,,,,,,,,,,,,
DE2022_068,Komm mit mir in das Cinema - Die Gregors,DE,MAJ,,,,,,,,,,,,,,,,,,,,,,
DE2022_069,L'état et moi,DE,MAJ,,,,,,,,,,,,,,,,,,,,,,
DE2022_070,Le tigre qui s’invita pour le thé,DE,MAJ,,,,,,,,,,,,,,,,,,,,,,
DE2022_070,Le tigre qui s’invita pour le thé,GB,MIN,,,,,,,,,,,,,,,,,,,,,,
DE2022_070,Le tigre qui s’invita pour le thé,FR,MIN,,,,,,,,,,,,,,,,,,,,,,
DE2022_071,Alle reden übers Wetter ,DE,MAJ,,,,,,,,,,,,,,,,,,,,,,
DE2022_072,Lieber Kurt,DE,MAJ,,,,,,,,,,,,,,,,,,,,,,
DE2022_073,Mittagsstunde,DE,MAJ,,,,,,,,,,,,,,,,,,,,,,
DE2022_074,Verabredungen mit einem Dichter - Michael Krüger,DE,MAJ,,,,,,,,,,,,,,,,,,,,,,
DE2022_075,Da kommt noch was,DE,MAJ,,,,,,,,,,,,,,,,,,,,,,
DE2022_076,Die Schule der magischen Tiere 2,DE,MAJ,,,,,,,,,,,,,,,,,,,,,,
DE2022_077,Mutter,DE,MAJ,,,,,,,,,,,,,,,,,,,,,,
DE2022_078,Wir könnten genauso gut tot sein,DE,MAJ,,,,,,,,,,,,,,,,,,,,,,
DE2022_078,Wir könnten genauso gut tot sein,RO,MIN,,,,,,,,,,,,,,,,,,,,,,
DE2022_079,"In einem Land, das es nicht mehr gibt",DE,MAJ,,,,,,,,,,,,,,,,,,,,,,
DE2022_080,Rimini,DE,MAJ,,,,,,,,,,,,,,,,,,,,,,
DE2022_080,Rimini,FR,MIN,,,,,,,,,,,,,,,,,,,,,,
DE2022_080,Rimini,AT,MIN,,,,,,,,,,,,,,,,,,,,,,
DE2022_081,"Margarethe von Trotta - Zeit der Frauen
",DE,MAJ,,,,,,,,,,,,,,,,,,,,,,
DE2022_082,Der Passfälscher,DE,MAJ,,,,,,,,,,,,,,,,,,,,,,
DE2022_082,Der Passfälscher,LU,MIN,,,,,,,,,,,,,,,,,,,,,,
DE2022_083,Nicht verrecken,DE,MAJ,,,,,,,,,,,,,,,,,,,,,,
DE2022_084,Ach du Scheisse!,DE,MAJ,,,,,,,,,,,,,,,,,,,,,,
DE2022_085,Der Nachname ,DE,MAJ,,,,,,,,,,,,,,,,,,,,,,
DE2022_086,Die Mucklas ... und wie sie zu Pettersson und Findus kamen,DE,MAJ,,,,,,,,,,,,,,,,,,,,,,
DE2022_086,Die Mucklas ... und wie sie zu Pettersson und Findus kamen,LU,MIN,,,,,,,,,,,,,,,,,,,,,,
DE2022_087,Werner Herzog - Radical Dreamer,DE,MAJ,,,,,,,,,,,,,,,,,,,,,,
DE2022_087,Werner Herzog - Radical Dreamer,GB,MIN,,,,,,,,,,,,,,,,,,,,,,
DE2022_088,Rheingold,DE,MAJ,,,,,,,,,,,,,,,,,,,,,,
DE2022_088,Rheingold,IT,MIN,,,,,,,,,,,,,,,,,,,,,,
DE2022_088,Rheingold,NL,MIN,,,,,,,,,,,,,,,,,,,,,,
DE2022_089,Schweigend steht der Wald,DE,MAJ,,,,,,,,,,,,,,,,,,,,,,
DE2022_090,"Der Russe ist einer, der Birken liebt",DE,MAJ,,,,,,,,,,,,,,,,,,,,,,
DE2022_091,Die Frau des Dichters,DE,MAJ,,,,,,,,,,,,,,,,,,,,,,
DE2022_092,Hui Buh und das Hexenschloss,DE,MAJ,,,,,,,,,,,,,,,,,,,,,,
DE2022_093,Wer gräbt den Bestatter ein?,DE,MAJ,,,,,,,,,,,,,,,,,,,,,,
DE2022_094,Wir sind dann wohl die Angehörigen,DE,MAJ,,,,,,,,,,,,,,,,,,,,,,
DE2022_095,Elfriede Jelinek - die Sprache von der Leine lassen,DE,MAJ,,,,,,,,,,,,,,,,,,,,,,
DE2022_095,Elfriede Jelinek - die Sprache von der Leine lassen,AT,MIN,,,,,,,,,,,,,,,,,,,,,,
DE2022_096,Human Factors,DE,MAJ,,,,,,,,,,,,,,,,,,,,,,
DE2022_096,Human Factors,IT,MIN,,,,,,,,,,,,,,,,,,,,,,
DE2022_096,Human Factors,DK,MIN,,,,,,,,,,,,,,,,,,,,,,
DE2022_097,Hunter from Elsewhere - a Journey with Helen Britton,DE,MAJ,,,,,,,,,,,,,,,,,,,,,,
DE2022_098,Einfach mal was Schönes,DE,MAJ,,,,,,,,,,,,,,,,,,,,,,
DE2022_099,Kopfplatzen,DE,MAJ,,,,,,,,,,,,,,,,,,,,,,
DE2022_100,The Magic Flute,DE,MAJ,,,,,,,,,,,,,,,,,,,,,,
DE2022_101,The Middle Man,DE,MAJ,,,,,,,,,,,,,,,,,,,,,,
DE2022_101,The Middle Man,DK,MIN,,,,,,,,,,,,,,,,,,,,,,
DE2022_101,The Middle Man,CA,MIN,,,,,,,,,,,,,,,,,,,,,,
DE2022_101,The Middle Man,NO,MIN,,,,,,,,,,,,,,,,,,,,,,
DE2022_102,König hört auf,DE,MAJ,,,,,,,,,,,,,,,,,,,,,,
DE2022_103,Echo,DE,MAJ,,,,,,,,,,,,,,,,,,,,,,
DE2022_104,Nachtwald,DE,MAJ,,,,,,,,,,,,,,,,,,,,,,
DE2022_105,Die stillen Trabanten,DE,MAJ,,,,,,,,,,,,,,,,,,,,,,
DE2022_106,Ich Ich Ich,DE,MAJ,,,,,,,,,,,,,,,,,,,,,,
DE2022_107,Der Räuber Hotzenplotz,DE,MAJ,,,,,,,,,,,,,,,,,,,,,,
DE2022_107,Der Räuber Hotzenplotz,CH,MIN,,,,,,,,,,,,,,,,,,,,,,
DE2022_108,Was man von hier aus sehen kann,DE,MAJ,,,,,,,,,,,,,,,,,,,,,,
DE2022_109,Stille Post,DE,MAJ,,,,,,,,,,,,,,,,,,,,,,
DE2022_110,Oskars Kleid,DE,MAJ,,,,,,,,,,,,,,,,,,,,,,
ES2020_001,Padre no hay más que uno 2: La llegada de la suegra,ES,MAJ,,,,,,,,,,,,,,,,,,,,,,
ES2020_002,Malasaña 32,ES,MAJ,,,,,,,,,,,,,,,,,,,,,,
ES2020_002,Malasaña 32,FR,MIN,,,,,,,,,,,,,,,,,,,,,,
ES2020_003,Superagente Makey,ES,MAJ,,,,,,,,,,,,,,,,,,,,,,
ES2020_004,La boda de Rosa,ES,MAJ,,,,,,,,,,,,,,,,,,,,,,
ES2020_004,La boda de Rosa,FR,MIN,,,,,,,,,,,,,,,,,,,,,,
ES2020_005,El plan,ES,MAJ,,,,,,,,,,,,,,,,,,,,,,
ES2020_006,El inconveniente,ES,MAJ,,,,,,,,,,,,,,,,,,,,,,
ES2020_007,Orígenes secretos,ES,MAJ,,,,,,,,,,,,,,,,,,,,,,
ES2020_008,Baby,ES,MAJ,,,,,,,,,,,,,,,,,,,,,,
ES2020_009,El arte de volver,ES,MAJ,,,,,,,,,,,,,,,,,,,,,,
ES2020_010,Nieva en Benidorm,ES,MAJ,,,,,,,,,,,,,,,,,,,,,,
ES2020_010,Nieva en Benidorm,GB,MIN,,,,,,,,,,,,,,,,,,,,,,
ES2020_011,El Drogas,ES,MAJ,,,,,,,,,,,,,,,,,,,,,,
ES2020_012,Invisibles,ES,MAJ,,,,,,,,,,,,,,,,,,,,,,
ES2020_013,La lista de los deseos,ES,MAJ,,,,,,,,,,,,,,,,,,,,,,
ES2020_014,La suite nupcial,ES,MAJ,,,,,,,,,,,,,,,,,,,,,,
ES2020_015,La maldición del guapo,ES,MAJ,,,,,,,,,,,,,,,,,,,,,,
ES2020_015,La maldición del guapo,AR,MIN,,,,,,,,,,,,,,,,,,,,,,
ES2020_016,Ofrenda a la tormenta,ES,MAJ,,,,,,,,,,,,,,,,,,,,,,
ES2020_016,Ofrenda a la tormenta,DE,MIN,,,,,,,,,,,,,,,,,,,,,,
ES2020_017,Lagun y la resistencia frente a ETA,ES,MAJ,,,,,,,,,,,,,,,,,,,,,,
ES2020_018,La última guardia,ES,MAJ,,,,,,,,,,,,,,,,,,,,,,
ES2020_019,No nacimos refugiados,ES,MAJ,,,,,,,,,,,,,,,,,,,,,,
ES2020_020,Diari de bosc,ES,MAJ,,,,,,,,,,,,,,,,,,,,,,
ES2020_021,"Calç blanca, negro carbón",ES,MAJ,,,,,,,,,,,,,,,,,,,,,,
ES2020_022,Lo perdido,ES,MAJ,,,,,,,,,,,,,,,,,,,,,,
ES2020_023,Una dona amb unes ales tremendes,ES,MAJ,,,,,,,,,,,,,,,,,,,,,,
ES2020_024,El abuelo Víctor - Víctor Manuel,ES,MAJ,,,,,,,,,,,,,,,,,,,,,,
ES2020_025,Amalia en el otoño,ES,MAJ,,,,,,,,,,,,,,,,,,,,,,
ES2020_026,Una mañana fría,ES,MAJ,,,,,,,,,,,,,,,,,,,,,,
ES2020_027,El que la lleva la entiende,ES,MAJ,,,,,,,,,,,,,,,,,,,,,,
ES2020_028,Un trabajo y una película,ES,MAJ,,,,,,,,,,,,,,,,,,,,,,
ES2020_029,Olea... ¡Más alto!,ES,MAJ,,,,,,,,,,,,,,,,,,,,,,
ES2020_030,"Los Últimos De La Mejana, Rebeldía y Esperanza",ES,MAJ,,,,,,,,,,,,,,,,,,,,,,
ES2020_031,El secreto de Ibosim,ES,MAJ,,,,,,,,,,,,,,,,,,,,,,
ES2020_032,Vampus Horror Tales,ES,MAJ,,,,,,,,,,,,,,,,,,,,,,
ES2021_042,Fantasía,ES,MAJ,,,,,,,,,,,,,,,,,,,,,,
ES2020_033,Tierra de leche y miel,ES,MAJ,,,,,,,,,,,,,,,,,,,,,,
ES2020_034,Meseta,ES,MAJ,,,,,,,,,,,,,,,,,,,,,,
ES2020_035,La loba parda,ES,MAJ,,,,,,,,,,,,,,,,,,,,,,
ES2020_036,¿Puedes oírme?,ES,MAJ,,,,,,,,,,,,,,,,,,,,,,
ES2020_037,Pullman,ES,MAJ,,,,,,,,,,,,,,,,,,,,,,
ES2020_038,El último Arquero,ES,MAJ,,,,,,,,,,,,,,,,,,,,,,
ES2020_039,Rol & Rol,ES,MAJ,,,,,,,,,,,,,,,,,,,,,,
ES2020_040,"Marcelino, el mejor payaso del mundo",ES,MAJ,,,,,,,,,,,,,,,,,,,,,,
ES2020_041,Arzak since 1897,ES,MAJ,,,,,,,,,,,,,,,,,,,,,,
ES2020_042,2020,ES,MAJ,,,,,,,,,,,,,,,,,,,,,,
ES2020_043,Dear Werner,ES,MAJ,,,,,,,,,,,,,,,,,,,,,,
ES2020_044,Estándar,ES,MAJ,,,,,,,,,,,,,,,,,,,,,,
ES2020_045,Billy,ES,MAJ,,,,,,,,,,,,,,,,,,,,,,
ES2020_046,"El vino, el mundo y nosotros",ES,MAJ,,,,,,,,,,,,,,,,,,,,,,
ES2020_047,Lobster Soup,ES,MAJ,,,,,,,,,,,,,,,,,,,,,,
ES2020_047,Lobster Soup,IS,MIN,,,,,,,,,,,,,,,,,,,,,,
ES2020_047,Lobster Soup,LT,MIN,,,,,,,,,,,,,,,,,,,,,,
ES2020_048,La mancha negra,ES,MAJ,,,,,,,,,,,,,,,,,,,,,,
ES2020_049,Mi gran despedida,ES,MAJ,,,,,,,,,,,,,,,,,,,,,,
ES2020_050,El siglo de Galdós,ES,MAJ,,,,,,,,,,,,,,,,,,,,,,
ES2020_051,Antonio Machado. Los días azules,ES,MAJ,,,,,,,,,,,,,,,,,,,,,,
ES2020_052,A este lado del mundo,ES,MAJ,,,,,,,,,,,,,,,,,,,,,,
ES2020_053,Urubú,ES,MAJ,,,,,,,,,,,,,,,,,,,,,,
ES2020_054,Reboiras. Acción e corazón,ES,MAJ,,,,,,,,,,,,,,,,,,,,,,
ES2020_055,Lúa vermella,ES,MAJ,,,,,,,,,,,,,,,,,,,,,,
ES2020_056,Una ventana al mar,ES,MAJ,,,,,,,,,,,,,,,,,,,,,,
ES2020_056,Una ventana al mar,GR,MIN,,,,,,,,,,,,,,,,,,,,,,
ES2020_057,Los Hijos de San Luis,ES,MAJ,,,,,,,,,,,,,,,,,,,,,,
ES2020_058,La dona il·legal,ES,MAJ,,,,,,,,,,,,,,,,,,,,,,
ES2020_059,Blanco en blanco,ES,MAJ,,,,,,,,,,,,,,,,,,,,,,
ES2020_059,Blanco en blanco,CL,MIN,,,,,,,,,,,,,,,,,,,,,,
ES2020_059,Blanco en blanco,FR,MIN,,,,,,,,,,,,,,,,,,,,,,
ES2020_059,Blanco en blanco,DE,MIN,,,,,,,,,,,,,,,,,,,,,,
ES2020_060,Ons,ES,MAJ,,,,,,,,,,,,,,,,,,,,,,
ES2020_060,Ons,PT,MIN,,,,,,,,,,,,,,,,,,,,,,
GB2020_001,1917,GB,MAJ,,,,,,,,,,,,,,,,,,,,,,
GB2020_001,1917,US,MIN,,,,,,,,,,,,,,,,,,,,,,
GB2020_002,Emma,GB,MAJ,,,,,,,,,,,,,,,,,,,,,,
GB2020_002,Emma,US,MIN,,,,,,,,,,,,,,,,,,,,,,
GB2020_002,Emma,CN,MIN,,,,,,,,,,,,,,,,,,,,,,
GB2020_003,The Personal History of David Copperfield,US,MAJ,,,,,,,,,,,,,,,,,,,,,,
GB2020_003,The Personal History of David Copperfield,GB,MIN,,,,,,,,,,,,,,,,,,,,,,
GB2020_004,Military Wives,GB,MAJ,,,,,,,,,,,,,,,,,,,,,,
GB2020_005,Greed,GB,MAJ,,,,,,,,,,,,,,,,,,,,,,
GB2020_006,The Secret Garden,GB,MAJ,,,,,,,,,,,,,,,,,,,,,,
GB2020_006,The Secret Garden,FR,MIN,,,,,,,,,,,,,,,,,,,,,,
GB2020_006,The Secret Garden,US,MIN,,,,,,,,,,,,,,,,,,,,,,
GB2020_006,The Secret Garden,CN,MIN,,,,,,,,,,,,,,,,,,,,,,
GB2020_007,Misbehaviour,GB,MAJ,,,,,,,,,,,,,,,,,,,,,,
GB2020_007,Misbehaviour,FR,MIN,,,,,,,,,,,,,,,,,,,,,,
GB2020_008,Pixie,GB,MAJ,,,,,,,,,,,,,,,,,,,,,,
GB2020_009,Hope Gap,GB,MAJ,,,,,,,,,,,,,,,,,,,,,,
GB2020_010,Summerland,GB,MAJ,,,,,,,,,,,,,,,,,,,,,,
GB2020_011,23 walks,GB,MAJ,,,,,,,,,,,,,,,,,,,,,,
GB2020_012,Come Away,GB,MAJ,,,,,,,,,,,,,,,,,,,,,,
GB2020_013,Love Sarah,GB,MAJ,,,,,,,,,,,,,,,,,,,,,,
GB2020_014,Four Kids and It,GB,MAJ,,,,,,,,,,,,,,,,,,,,,,
GB2020_015,The Owners,GB,MAJ,,,,,,,,,,,,,,,,,,,,,,
GB2020_015,The Owners,US,MIN,,,,,,,,,,,,,,,,,,,,,,
GB2020_015,The Owners,FR,MIN,,,,,,,,,,,,,,,,,,,,,,
GB2020_016,Fatman,GB,MAJ,,,,,,,,,,,,,,,,,,,,,,
GB2020_016,Fatman,CA,MIN,,,,,,,,,,,,,,,,,,,,,,
GB2020_016,Fatman,US,MIN,,,,,,,,,,,,,,,,,,,,,,
GB2020_017,Crock of Gold: A Few Rounds With Shane MacGowan,GB,MAJ,,,,,,,,,,,,,,,,,,,,,,
GB2020_017,Crock of Gold: A Few Rounds With Shane MacGowan,US,MIN,,,,,,,,,,,,,,,,,,,,,,
GB2020_017,Crock of Gold: A Few Rounds With Shane MacGowan,IE,MIN,,,,,,,,,,,,,,,,,,,,,,
GB2020_018,Rebecca,GB,MAJ,,,,,,,,,,,,,,,,,,,,,,
GB2020_018,Rebecca,US,MIN,,,,,,,,,,,,,,,,,,,,,,
GB2020_019,Being a Human Person,GB,MAJ,,,,,,,,,,,,,,,,,,,,,,
GB2020_019,Being a Human Person,SE,MIN,,,,,,,,,,,,,,,,,,,,,,
GB2020_020,Eternal Beauty,GB,MAJ,,,,,,,,,,,,,,,,,,,,,,
GB2020_021,American Dharma,GB,MAJ,,,,,,,,,,,,,,,,,,,,,,
GB2020_021,American Dharma,US,MIN,,,,,,,,,,,,,,,,,,,,,,
GB2020_022,Concrete Plans,GB,MAJ,,,,,,,,,,,,,,,,,,,,,,
GB2020_023,C.L.E.A.N.,GB,MAJ,,,,,,,,,,,,,,,,,,,,,,
GB2020_023,C.L.E.A.N.,HR,MIN,,,,,,,,,,,,,,,,,,,,,,
GB2020_023,C.L.E.A.N.,DE,MIN,,,,,,,,,,,,,,,,,,,,,,
GB2020_024,Villain,GB,MAJ,,,,,,,,,,,,,,,,,,,,,,
GB2020_025,Cordelia,GB,MAJ,,,,,,,,,,,,,,,,,,,,,,
GB2020_026,The Loss Adjuster,GB,MAJ,,,,,,,,,,,,,,,,,,,,,,
GB2020_027,Finding Jack Charlton,GB,MAJ,,,,,,,,,,,,,,,,,,,,,,
GB2020_027,Finding Jack Charlton,IE,MIN,,,,,,,,,,,,,,,,,,,,,,
GB2020_028,Perfect Strangers,GB,MAJ,,,,,,,,,,,,,,,,,,,,,,
GB2020_029,Show Me The Picture: The Story of Jim Marshall,GB,MAJ,,,,,,,,,,,,,,,,,,,,,,
GB2020_029,Show Me The Picture: The Story of Jim Marshall,US,MIN,,,,,,,,,,,,,,,,,,,,,,
GB2020_030,Philophobia,GB,MAJ,,,,,,,,,,,,,,,,,,,,,,
GB2020_031,Everything - The Real Thing Story,GB,MAJ,,,,,,,,,,,,,,,,,,,,,,
GB2020_032,The Man in the Hat,GB,MAJ,,,,,,,,,,,,,,,,,,,,,,
GB2020_033,The Runaways,GB,MAJ,,,,,,,,,,,,,,,,,,,,,,
GB2020_034,Idiot Prayer,GB,MAJ,,,,,,,,,,,,,,,,,,,,,,
GB2020_035,Mogul Mowgli,GB,MAJ,,,,,,,,,,,,,,,,,,,,,,
GB2020_035,Mogul Mowgli,US,MIN,,,,,,,,,,,,,,,,,,,,,,
GB2020_036,Calm with Horses,GB,MAJ,,,,,,,,,,,,,,,,,,,,,,
GB2020_036,Calm with Horses,IE,MIN,,,,,,,,,,,,,,,,,,,,,,
GB2020_037,Final Account,GB,MAJ,,,,,,,,,,,,,,,,,,,,,,
GB2020_037,Final Account,US,MIN,,,,,,,,,,,,,,,,,,,,,,
GB2020_038,Schemers,GB,MAJ,,,,,,,,,,,,,,,,,,,,,,
GB2020_039,Nomad: In the Footsteps of Bruce Chatwin,GB,MAJ,,,,,,,,,,,,,,,,,,,,,,
GB2020_040,David Attenborough: A Life on Our Planet,GB,MAJ,,,,,,,,,,,,,,,,,,,,,,
GB2020_041,Patients of a Saint,GB,MAJ,,,,,,,,,,,,,,,,,,,,,,
IT2022_001,Il grande giorno,IT,MAJ,,,,,,,,,,,,,,,,,,,,,,
IT2022_002,La stranezza,IT,MAJ,,,,,,,,,,,,,,,,,,,,,,
IT2022_003,L'immensità,IT,MAJ,,,,,,,,,,,,,,,,,,,,,,
IT2022_003,L'immensità,FR,MIN,,,,,,,,,,,,,,,,,,,,,,
IT2022_004,Il colibrì,IT,MAJ,,,,,,,,,,,,,,,,,,,,,,
IT2022_004,Il colibrì,FR,MIN,,,,,,,,,,,,,,,,,,,,,,
IT2022_005,Nostalgia,IT,MAJ,,,,,,,,,,,,,,,,,,,,,,
IT2022_005,Nostalgia,IT,MIN,,,,,,,,,,,,,,,,,,,,,,
IT2022_006,Belli ciao,IT,MAJ,,,,,,,,,,,,,,,,,,,,,,
IT2022_007,Corro da te,IT,MAJ,,,,,,,,,,,,,,,,,,,,,,
IT2022_008,Siccità,IT,MAJ,,,,,,,,,,,,,,,,,,,,,,
IT2022_009,Vicini di casa,IT,MAJ,,,,,,,,,,,,,,,,,,,,,,
IT2022_010,Il sesso degli angeli,IT,MAJ,,,,,,,,,,,,,,,,,,,,,,
IT2022_011,Diabolik - Ginko all'attacco!,IT,MAJ,,,,,,,,,,,,,,,,,,,,,,
IT2022_011,Diabolik - Ginko all'attacco!,FR,MIN,,,,,,,,,,,,,,,,,,,,,,
IT2022_012,Il Principe di Roma,IT,MAJ,,,,,,,,,,,,,,,,,,,,,,
IT2022_013,Astolfo,IT,MAJ,,,,,,,,,,,,,,,,,,,,,,
IT2022_013,Astolfo,FR,MIN,,,,,,,,,,,,,,,,,,,,,,
IT2022_014,Ti mangio il cuore,IT,MAJ,,,,,,,,,,,,,,,,,,,,,,
IT2022_015,Esterno notte - Parte 1,IT,MAJ,,,,,,,,,,,,,,,,,,,,,,
IT2022_016,C'era una volta il crimine,IT,MAJ,,,,,,,,,,,,,,,,,,,,,,
IT2022_017,Settembre,IT,MAJ,,,,,,,,,,,,,,,,,,,,,,
IT2022_018,Quasi orfano,IT,MAJ,,,,,,,,,,,,,,,,,,,,,,
IT2022_019,Margini,IT,MAJ,,,,,,,,,,,,,,,,,,,,,,
IT2022_020,Esterno notte - Parte 2,IT,MAJ,,,,,,,,,,,,,,,,,,,,,,
IT2022_021,Tutti a bordo,IT,MAJ,,,,,,,,,,,,,,,,,,,,,,
IT2022_022,Alla vita (Tu choisiras la vie),IT,MAJ,,,,,,,,,,,,,,,,,,,,,,
IT2022_022,Alla vita (Tu choisiras la vie),FR,MIN,,,,,,,,,,,,,,,,,,,,,,
IT2022_023,Leonora addio,IT,MAJ,,,,,,,,,,,,,,,,,,,,,,
IT2022_024,Il giorno più bello,IT,MAJ,,,,,,,,,,,,,,,,,,,,,,
IT2022_025,La mia ombra è tua,IT,MAJ,,,,,,,,,,,,,,,,,,,,,,
IT2022_026,Altrimenti ci arrabbiamo,IT,MAJ,,,,,,,,,,,,,,,,,,,,,,
IT2022_027,Per niente al mondo,IT,MAJ,,,,,,,,,,,,,,,,,,,,,,
IT2022_028,Piano Piano,IT,MAJ,,,,,,,,,,,,,,,,,,,,,,
IT2022_029,Orlando,IT,MAJ,,,,,,,,,,,,,,,,,,,,,,
IT2022_029,Orlando,BE,MIN,,,,,,,,,,,,,,,,,,,,,,
IT2022_030,Una boccata d'aria,IT,MAJ,,,,,,,,,,,,,,,,,,,,,,
IT2022_031,Una femmina,IT,MAJ,,,,,,,,,,,,,,,,,,,,,,
IT2022_032,Gigi la legge,IT,MAJ,,,,,,,,,,,,,,,,,,,,,,
IT2022_032,Gigi la legge,FR,MIN,,,,,,,,,,,,,,,,,,,,,,
IT2022_032,Gigi la legge,BE,MIN,,,,,,,,,,,,,,,,,,,,,,
IT2022_033,Acqua e anice,IT,MAJ,,,,,,,,,,,,,,,,,,,,,,
IT2022_034,Piove,IT,MAJ,,,,,,,,,,,,,,,,,,,,,,
IT2022_034,Piove,BE,MIN,,,,,,,,,,,,,,,,,,,,,,
IT2022_035,La cena perfetta,IT,MAJ,,,,,,,,,,,,,,,,,,,,,,
IT2022_036,Aiuto! È Natale!,IT,MAJ,,,,,,,,,,,,,,,,,,,,,,
IT2022_037,Marcel!,IT,MAJ,,,,,,,,,,,,,,,,,,,,,,
IT2022_037,Marcel!,FR,MIN,,,,,,,,,,,,,,,,,,,,,,
IT2022_038,La Ballata dei Gusci Infranti,IT,MAJ,,,,,,,,,,,,,,,,,,,,,,
IT2022_039,Bentu,IT,MAJ,,,,,,,,,,,,,,,,,,,,,,
IT2022_040,The Land of Dreams,IT,MAJ,,,,,,,,,,,,,,,,,,,,,,
IT2022_041,Il mio amico Massimo,IT,MAJ,,,,,,,,,,,,,,,,,,,,,,
IT2022_042,The Christmas Show,IT,MAJ,,,,,,,,,,,,,,,,,,,,,,
IT2022_043,Spaccaossa,IT,MAJ,,,,,,,,,,,,,,,,,,,,,,
IT2022_044,La California,IT,MAJ,,,,,,,,,,,,,,,,,,,,,,
IT2022_045,Sposa in rosso,IT,MAJ,,,,,,,,,,,,,,,,,,,,,,
IT2022_046,Il Cristo in gola,IT,MAJ,,,,,,,,,,,,,,,,,,,,,,
IT2022_047,Vetro,IT,MAJ,,,,,,,,,,,,,,,,,,,,,,
IT2022_048,"Franco Zeffirelli, Conformista Ribelle",IT,MAJ,,,,,,,,,,,,,,,,,,,,,,
IT2022_049,Sulle nuvole,IT,MAJ,,,,,,,,,,,,,,,,,,,,,,
IT2022_050,The Hanging Sun Il Sole di mezzanotte,IT,MAJ,,,,,,,,,,,,,,,,,,,,,,
IT2022_051,Quel posto nel tempo,IT,MAJ,,,,,,,,,,,,,,,,,,,,,,
IT2022_052,Io lo so chi siete,IT,MAJ,,,,,,,,,,,,,,,,,,,,,,
IT2022_053,Takeaway,IT,MAJ,,,,,,,,,,,,,,,,,,,,,,
IT2022_053,Takeaway,DE,MIN,,,,,,,,,,,,,,,,,,,,,,
IT2022_054,Femminile Singolare,IT,MAJ,,,,,,,,,,,,,,,,,,,,,,
IT2022_055,The Last Ride of the Wolves,IT,MAJ,,,,,,,,,,,,,,,,,,,,,,
IT2022_055,The Last Ride of the Wolves,NL,MIN,,,,,,,,,,,,,,,,,,,,,,
IT2022_056,Amma’s Way – Un abbraccio al mondo,IT,MAJ,,,,,,,,,,,,,,,,,,,,,,
IT2022_057,Se fate i bravi,IT,MAJ,,,,,,,,,,,,,,,,,,,,,,
IT2022_058,L'angelo dei muri,IT,MAJ,,,,,,,,,,,,,,,,,,,,,,
IT2022_059,Il tempo rimasto,IT,MAJ,,,,,,,,,,,,,,,,,,,,,,
IT2022_060,Le voci sole,IT,MAJ,,,,,,,,,,,,,,,,,,,,,,
IT2022_061,Con chi viaggi,IT,MAJ,,,,,,,,,,,,,,,,,,,,,,
IT2022_062,Quattordici giorni - Una storia d'amore,IT,MAJ,,,,,,,,,,,,,,,,,,,,,,
IT2022_063,Il mammone,IT,MAJ,,,,,,,,,,,,,,,,,,,,,,
IT2022_064,Porpora,IT,MAJ,,,,,,,,,,,,,,,,,,,,,,
IT2022_065,L'Onda Lunga: storia extra ordinaria di un'associazione,IT,MAJ,,,,,,,,,,,,,,,,,,,,,,
IT2022_066,My Soul Summer,IT,MAJ,,,,,,,,,,,,,,,,,,,,,,
IT2022_067,Gli anni belli,IT,MAJ,,,,,,,,,,,,,,,,,,,,,,
IT2022_068,Last Stop before Chocolate Mountain,IT,MAJ,,,,,,,,,,,,,,,,,,,,,,
IT2022_068,Last Stop before Chocolate Mountain,US,MIN,,,,,,,,,,,,,,,,,,,,,,
IT2022_069,Er gol de Turone era bono,IT,MAJ,,,,,,,,,,,,,,,,,,,,,,
IT2022_070,Mindemic,IT,MAJ,,,,,,,,,,,,,,,,,,,,,,
IT2022_071,(Im)perfetti Criminali,IT,MAJ,,,,,,,,,,,,,,,,,,,,,,
IT2022_072,"Paisan, ciao",IT,MAJ,,,,,,,,,,,,,,,,,,,,,,
IT2022_073,Amici per la pelle,IT,MAJ,,,,,,,,,,,,,,,,,,,,,,
IT2022_074,Von Scerscen - Diario di un'indagine,IT,MAJ,,,,,,,,,,,,,,,,,,,,,,
IT2022_075,The Importance of Being an Architect,IT,MAJ,,,,,,,,,,,,,,,,,,,,,,
IT2022_076,La Banda del Buffardello e il manoscritto di Leonardo da Vinci,IT,MAJ,,,,,,,,,,,,,,,,,,,,,,
IT2022_077,I cassamortari,IT,MAJ,,,,,,,,,,,,,,,,,,,,,,
IT2022_077,I cassamortari,ES,MIN,,,,,,,,,,,,,,,,,,,,,,
IT2022_078,Din Don - Il paese dei balocchi,IT,MAJ,,,,,,,,,,,,,,,,,,,,,,
IT2022_079,Falla girare,IT,MAJ,,,,,,,,,,,,,,,,,,,,,,
IT2022_080,Troppa famiglia!,IT,MAJ,,,,,,,,,,,,,,,,,,,,,,
IT2022_081,Ennio,IT,MAJ,,,,,,,,,,,,,,,,,,,,,,
IT2022_081,Ennio,BE,MIN,,,,,,,,,,,,,,,,,,,,,,
FR2020_001,Les Vétos,FR,MAJ,,,,,,,,,,,,,,,,,,,,,,
FR2020_002,Play,FR,MAJ,,,,,,,,,,,,,,,,,,,,,,
FR2020_003,Sol,FR,MAJ,,,,,,,,,,,,,,,,,,,,,,
FR2020_004,Merveilles à Montfermeil,FR,MAJ,,,,,,,,,,,,,,,,,,,,,,
FR2020_005,L'Autre,FR,MAJ,,,,,,,,,,,,,,,,,,,,,,
FR2020_006,Une belle équipe,FR,MAJ,,,,,,,,,,,,,,,,,,,,,,
FR2020_007,Selfie,FR,MAJ,,,,,,,,,,,,,,,,,,,,,,
FR2020_008,Je ne rêve que de vous,FR,MAJ,,,,,,,,,,,,,,,,,,,,,,
FR2020_009,Douze Mille,FR,MAJ,,,,,,,,,,,,,,,,,,,,,,
FR2020_010,Je voudrais que quelqu'un m'attende quelque part,FR,MAJ,,,,,,,,,,,,,,,,,,,,,,
FR2020_011,Qu'un sang impur...,FR,MAJ,,,,,,,,,,,,,,,,,,,,,,
FR2020_012,Pygmalionnes,FR,MAJ,,,,,,,,,,,,,,,,,,,,,,
FR2020_013,L'Affaire Marvin,FR,MAJ,,,,,,,,,,,,,,,,,,,,,,
FR2020_014,Le Lion,FR,MAJ,,,,,,,,,,,,,,,,,,,,,,
FR2020_014,Le Lion,BE,MIN,,,,,,,,,,,,,,,,,,,,,,
FR2020_015,Les Traducteurs,FR,MAJ,,,,,,,,,,,,,,,,,,,,,,
FR2020_015,Les Traducteurs,BE,MIN,,,,,,,,,,,,,,,,,,,,,,
FR2020_016,L'Esprit de famille,FR,MAJ,,,,,,,,,,,,,,,,,,,,,,
FR2020_017,Cuban Network,FR,MAJ,,,,,,,,,,,,,,,,,,,,,,
FR2020_017,Cuban Network,ES,MIN,,,,,,,,,,,,,,,,,,,,,,
FR2020_017,Cuban Network,BE,MIN,,,,,,,,,,,,,,,,,,,,,,
FR2020_018,Revenir,FR,MAJ,,,,,,,,,,,,,,,,,,,,,,
FR2020_019,Les Mélancolies de Sade,FR,MAJ,,,,,,,,,,,,,,,,,,,,,,
FR2020_020,Ducobu 3,FR,MAJ,,,,,,,,,,,,,,,,,,,,,,
FR2020_020,Ducobu 3,BE,MIN,,,,,,,,,,,,,,,,,,,,,,
FR2020_021,#jesuislà,FR,MAJ,,,,,,,,,,,,,,,,,,,,,,
FR2020_021,#jesuislà,BE,MIN,,,,,,,,,,,,,,,,,,,,,,
FR2020_022,Notre-Dame du Nil,FR,MAJ,,,,,,,,,,,,,,,,,,,,,,
FR2020_022,Notre-Dame du Nil,BE,MIN,,,,,,,,,,,,,,,,,,,,,,
FR2020_022,Notre-Dame du Nil,MC,MIN,,,,,,,,,,,,,,,,,,,,,,
FR2020_022,Notre-Dame du Nil,RW,MIN,,,,,,,,,,,,,,,,,,,,,,
FR2020_023,Soumaya,FR,MAJ,,,,,,,,,,,,,,,,,,,,,,
FR2020_024,J'ai retrouvé Christian B.,FR,MAJ,,,,,,,,,,,,,,,,,,,,,,
FR2020_025,Le Prince oublié,FR,MAJ,,,,,,,,,,,,,,,,,,,,,,
FR2020_025,Le Prince oublié,BE,MIN,,,,,,,,,,,,,,,,,,,,,,
FR2020_026,Un divan à Tunis,FR,MAJ,,,,,,,,,,,,,,,,,,,,,,
FR2020_026,Un divan à Tunis,TN,MIN,,,,,,,,,,,,,,,,,,,,,,
FR2020_027,La Fille au bracelet,FR,MAJ,,,,,,,,,,,,,,,,,,,,,,
FR2020_027,La Fille au bracelet,BE,MIN,,,,,,,,,,,,,,,,,,,,,,
FR2020_028,Deux,FR,MAJ,,,,,,,,,,,,,,,,,,,,,,
FR2020_028,Deux,LU,MIN,,,,,,,,,,,,,,,,,,,,,,
FR2020_028,Deux,BE,MIN,,,,,,,,,,,,,,,,,,,,,,
FR2020_029,10 jours sans maman,FR,MAJ,,,,,,,,,,,,,,,,,,,,,,
FR2020_030,Amare Amaro,FR,MAJ,,,,,,,,,,,,,,,,,,,,,,
FR2020_030,Amare Amaro,IT,MIN,,,,,,,,,,,,,,,,,,,,,,
FR2020_031,Lucky,FR,MAJ,,,,,,,,,,,,,,,,,,,,,,
FR2020_031,Lucky,BE,MIN,,,,,,,,,,,,,,,,,,,,,,
FR2020_032,Mine de rien,FR,MAJ,,,,,,,,,,,,,,,,,,,,,,
FR2020_033,Mes jours de gloire,FR,MAJ,,,,,,,,,,,,,,,,,,,,,,
FR2020_034,L'État sauvage,FR,MAJ,,,,,,,,,,,,,,,,,,,,,,
FR2020_034,L'État sauvage,CA,MIN,,,,,,,,,,,,,,,,,,,,,,
FR2020_034,L'État sauvage,BE,MIN,,,,,,,,,,,,,,,,,,,,,,
FR2020_035,Chut... !,FR,MAJ,,,,,,,,,,,,,,,,,,,,,,
FR2020_036,De Gaulle,FR,MAJ,,,,,,,,,,,,,,,,,,,,,,
FR2020_037,Papi Sitter,FR,MAJ,,,,,,,,,,,,,,,,,,,,,,
FR2020_038,Woman,FR,MAJ,,,,,,,,,,,,,,,,,,,,,,
FR2020_039,La Bonne Épouse,FR,MAJ,,,,,,,,,,,,,,,,,,,,,,
FR2020_039,La Bonne Épouse,BE,MIN,,,,,,,,,,,,,,,,,,,,,,
FR2020_040,Une sirène à Paris,FR,MAJ,,,,,,,,,,,,,,,,,,,,,,
FR2020_040,Une sirène à Paris,BE,MIN,,,,,,,,,,,,,,,,,,,,,,
FR2020_041,Les Visages de la victoire,FR,MAJ,,,,,,,,,,,,,,,,,,,,,,
FR2020_042,Les Parfums,FR,MAJ,,,,,,,,,,,,,,,,,,,,,,
FR2020_043,Tout simplement noir,FR,MAJ,,,,,,,,,,,,,,,,,,,,,,
FR2020_044,Divorce Club,FR,MAJ,,,,,,,,,,,,,,,,,,,,,,
FR2020_045,Été 85,FR,MAJ,,,,,,,,,,,,,,,,,,,,,,
FR2020_045,Été 85,BE,MIN,,,,,,,,,,,,,,,,,,,,,,
FR2020_046,L'Aventure des Marguerite,FR,MAJ,,,,,,,,,,,,,,,,,,,,,,
FR2020_047,Le Sel des larmes,FR,MAJ,,,,,,,,,,,,,,,,,,,,,,
FR2020_047,Le Sel des larmes,CH,MIN,,,,,,,,,,,,,,,,,,,,,,
FR2020_048,La Nuit venue,FR,MAJ,,,,,,,,,,,,,,,,,,,,,,
FR2020_049,"Les Grands Voisins, la cité rêvée",FR,MAJ,,,,,,,,,,,,,,,,,,,,,,
FR2020_050,T'as pécho?,FR,MAJ,,,,,,,,,,,,,,,,,,,,,,
FR2020_051,Terrible Jungle,FR,MAJ,,,,,,,,,,,,,,,,,,,,,,
FR2020_052,L'Oiseau de paradis,FR,MAJ,,,,,,,,,,,,,,,,,,,,,,
FR2020_052,L'Oiseau de paradis,PF,MIN,,,,,,,,,,,,,,,,,,,,,,
FR2020_053,Les Blagues de Toto,FR,MAJ,,,,,,,,,,,,,,,,,,,,,,
FR2020_053,Les Blagues de Toto,LU,MIN,,,,,,,,,,,,,,,,,,,,,,
FR2020_053,Les Blagues de Toto,BE,MIN,,,,,,,,,,,,,,,,,,,,,,
FR2020_054,Just Kids,FR,MAJ,,,,,,,,,,,,,,,,,,,,,,
FR2020_054,Just Kids,CH,MIN,,,,,,,,,,,,,,,,,,,,,,
FR2020_055,Voir le jour,FR,MAJ,,,,,,,,,,,,,,,,,,,,,,
FR2020_056,Belle-fille,FR,MAJ,,,,,,,,,,,,,,,,,,,,,,
FR2020_057,Mignonnes,FR,MAJ,,,,,,,,,,,,,,,,,,,,,,
FR2020_058,Effacer l'historique,FR,MAJ,,,,,,,,,,,,,,,,,,,,,,
FR2020_058,Effacer l'historique,BE,MIN,,,,,,,,,,,,,,,,,,,,,,
FR2020_059,Une barque sur l'océan,FR,MAJ,,,,,,,,,,,,,,,,,,,,,,
FR2020_060,Poissonsexe,FR,MAJ,,,,,,,,,,,,,,,,,,,,,,
FR2020_060,Poissonsexe,BE,MIN,,,,,,,,,,,,,,,,,,,,,,
FR2020_061,La Daronne,FR,MAJ,,,,,,,,,,,,,,,,,,,,,,
FR2020_062,Le Bonheur des uns...,FR,MAJ,,,,,,,,,,,,,,,,,,,,,,
FR2020_063,Un soupçon d'amour,FR,MAJ,,,,,,,,,,,,,,,,,,,,,,
FR2020_064,Cyril contre Goliath,FR,MAJ,,,,,,,,,,,,,,,,,,,,,,
FR2020_065,Le Fantôme de Laurent Terzieff,FR,MAJ,,,,,,,,,,,,,,,,,,,,,,
FR2020_066,Antoinette dans les Cévennes,FR,MAJ,,,,,,,,,,,,,,,,,,,,,,
FR2020_066,Antoinette dans les Cévennes,BE,MIN,,,,,,,,,,,,,,,,,,,,,,
FR2020_067,"Les Choses qu'on dit, les choses qu'on fait",FR,MAJ,,,,,,,,,,,,,,,,,,,,,,
FR2020_068,J'irai mourir dans les Carpates,FR,MAJ,,,,,,,,,,,,,,,,,,,,,,
FR2020_069,Africa Mia,FR,MAJ,,,,,,,,,,,,,,,,,,,,,,
FR2020_070,Trio,FR,MAJ,,,,,,,,,,,,,,,,,,,,,,
FR2020_070,Trio,RO,MIN,,,,,,,,,,,,,,,,,,,,,,
FR2020_071,Les Apparences,FR,MAJ,,,,,,,,,,,,,,,,,,,,,,
FR2020_071,Les Apparences,BE,MIN,,,,,,,,,,,,,,,,,,,,,,
FR2020_072,Boutchou,FR,MAJ,,,,,,,,,,,,,,,,,,,,,,
FR2020_073,Éléonore,FR,MAJ,,,,,,,,,,,,,,,,,,,,,,
FR2020_074,Mon cousin,FR,MAJ,,,,,,,,,,,,,,,,,,,,,,
FR2020_074,Mon cousin,BE,MIN,,,,,,,,,,,,,,,,,,,,,,
FR2020_075,Josep,FR,MAJ,,,,,,,,,,,,,,,,,,,,,,
FR2020_075,Josep,ES,MIN,,,,,,,,,,,,,,,,,,,,,,
FR2020_075,Josep,BE,MIN,,,,,,,,,,,,,,,,,,,,,,
FR2020_076,Un pays qui se tient sage,FR,MAJ,,,,,,,,,,,,,,,,,,,,,,
FR2020_077,À coeur battant,FR,MAJ,,,,,,,,,,,,,,,,,,,,,,
FR2020_077,À coeur battant,IL,MIN,,,,,,,,,,,,,,,,,,,,,,
FR2020_078,Les héros ne meurent jamais,FR,MAJ,,,,,,,,,,,,,,,,,,,,,,
FR2020_078,Les héros ne meurent jamais,BE,MIN,,,,,,,,,,,,,,,,,,,,,,
FR2020_078,Les héros ne meurent jamais,BA,MIN,,,,,,,,,,,,,,,,,,,,,,
FR2020_079,Ma chère famille,FR,MAJ,,,,,,,,,,,,,,,,,,,,,,
FR2020_080,L'Enfant rêvé,FR,MAJ,,,,,,,,,,,,,,,,,,,,,,
FR2020_081,La Puissance de l'arbre,FR,MAJ,,,,,,,,,,,,,,,,,,,,,,
FR2020_082,30 jours max,FR,MAJ,,,,,,,,,,,,,,,,,,,,,,
FR2020_083,Les Équilibristes,FR,MAJ,,,,,,,,,,,,,,,,,,,,,,
FR2020_084,Princesse Europe,FR,MAJ,,,,,,,,,,,,,,,,,,,,,,
FR2020_085,Adieu les cons,FR,MAJ,,,,,,,,,,,,,,,,,,,,,,
FR2020_086,Poly,FR,MAJ,,,,,,,,,,,,,,,,,,,,,,
FR2020_086,Poly,BE,MIN,,,,,,,,,,,,,,,,,,,,,,
FR2020_087,Petit Vampire,FR,MAJ,,,,,,,,,,,,,,,,,,,,,,
FR2020_087,Petit Vampire,BE,MIN,,,,,,,,,,,,,,,,,,,,,,
FR2020_088,Miss,FR,MAJ,,,,,,,,,,,,,,,,,,,,,,
FR2020_088,Miss,BE,MIN,,,,,,,,,,,,,,,,,,,,,,
FR2020_089,Le Feu sacré,FR,MAJ,,,,,,,,,,,,,,,,,,,,,,
FR2020_090,Pas en mon nom!,FR,MAJ,,,,,,,,,,,,,,,,,,,,,,
FR2020_091,ADN,FR,MAJ,,,,,,,,,,,,,,,,,,,,,,
FR2020_091,ADN,DZ,MIN,,,,,,,,,,,,,,,,,,,,,,
FR2020_092,Sous les étoiles de Paris,FR,MAJ,,,,,,,,,,,,,,,,,,,,,,
FR2020_092,Sous les étoiles de Paris,BE,MIN,,,,,,,,,,,,,,,,,,,,,,
FR2020_093,Garçon chiffon,FR,MAJ,,,,,,,,,,,,,,,,,,,,,,
FR2020_094,Contre vents et marées,FR,MAJ,,,,,,,,,,,,,,,,,,,,,,
FR2020_095,Forte,FR,MAJ,,,,,,,,,,,,,,,,,,,,,,
FR2020_096,Humilitas,FR,MAJ,,,,,,,,,,,,,,,,,,,,,,
FR2020_097,Les Rivières,FR,MAJ,,,,,,,,,,,,,,,,,,,,,,
FR2020_097,Les Rivières,VN,MIN,,,,,,,,,,,,,,,,,,,,,,
FR2020_097,Les Rivières,ES,MIN,,,,,,,,,,,,,,,,,,,,,,
FR2020_098,La Vertu des impondérables,FR,MAJ,,,,,,,,,,,,,,,,,,,,,,
FR2020_099,Un pas vers vous dans l'Allier,FR,MAJ,,,,,,,,,,,,,,,,,,,,,,
FR2020_100,Changer le monde,FR,MAJ,,,,,,,,,,,,,,,,,,,,,,
FR2020_101,Ni les femmes ni la terre!,FR,MAJ,,,,,,,,,,,,,,,,,,,,,,
FR2020_102,Les Belles Dames,FR,MAJ,,,,,,,,,,,,,,,,,,,,,,
FR2020_103,Homo Botanicus,FR,MAJ,,,,,,,,,,,,,,,,,,,,,,
FR2020_103,Homo Botanicus,CO,MIN,,,,,,,,,,,,,,,,,,,,,,
ES2020_061,Ilargi Guztiak,ES,MAJ,,,,,,,,,,,,,,,,,,,,,,
ES2020_061,Ilargi Guztiak,FR,MIN,,,,,,,,,,,,,,,,,,,,,,
ES2020_062,El año del descubrimiento,ES,MAJ,,,,,,,,,,,,,,,,,,,,,,
ES2020_062,El año del descubrimiento,CH,MIN,,,,,,,,,,,,,,,,,,,,,,
ES2020_063,La isla de las mentiras,ES,MAJ,,,,,,,,,,,,,,,,,,,,,,
ES2020_063,La isla de las mentiras,AR,MIN,,,,,,,,,,,,,,,,,,,,,,
ES2020_063,La isla de las mentiras,PT,MIN,,,,,,,,,,,,,,,,,,,,,,
ES2020_064,Hil-Kanpaiak,ES,MAJ,,,,,,,,,,,,,,,,,,,,,,
ES2020_065,Lur eta Amets,ES,MAJ,,,,,,,,,,,,,,,,,,,,,,
ES2020_066,Palabras para un fin del mundo,ES,MAJ,,,,,,,,,,,,,,,,,,,,,,
ES2020_067,Un mundo normal,ES,MAJ,,,,,,,,,,,,,,,,,,,,,,
ES2019_001,Si yo fuera rico,ES,MAJ,,,,,,,,,,,,,,,,,,,,,,
ES2019_002,Mientras dure la guerra,ES,MAJ,,,,,,,,,,,,,,,,,,,,,,
ES2019_002,Mientras dure la guerra,AR,MIN,,,,,,,,,,,,,,,,,,,,,,
ES2019_003,Dolor y gloria,ES,MAJ,,,,,,,,,,,,,,,,,,,,,,
ES2019_003,Dolor y gloria,FR,MIN,,,,,,,,,,,,,,,,,,,,,,
ES2019_004,Perdiendo el Este,ES,MAJ,,,,,,,,,,,,,,,,,,,,,,
ES2019_005,Quien a hierro mata,ES,MAJ,,,,,,,,,,,,,,,,,,,,,,
ES2019_005,Quien a hierro mata,FR,MIN,,,,,,,,,,,,,,,,,,,,,,
ES2019_005,Quien a hierro mata,US,MIN,,,,,,,,,,,,,,,,,,,,,,
ES2019_006,Adiós,ES,MAJ,,,,,,,,,,,,,,,,,,,,,,
ES2019_007,Legado en los huesos,ES,MAJ,,,,,,,,,,,,,,,,,,,,,,
ES2019_007,Legado en los huesos,DE,MIN,,,,,,,,,,,,,,,,,,,,,,
ES2019_008,Los Rodríguez y el más allá,ES,MAJ,,,,,,,,,,,,,,,,,,,,,,
ES2019_009,Gente que viene y bah,ES,MAJ,,,,,,,,,,,,,,,,,,,,,,
ES2019_010,La pequeña Suiza,ES,MAJ,,,,,,,,,,,,,,,,,,,,,,
ES2019_011,Lo nunca visto,ES,MAJ,,,,,,,,,,,,,,,,,,,,,,
ES2019_012,Klaus,ES,MAJ,,,,,,,,,,,,,,,,,,,,,,
ES2019_012,Klaus,GB,MIN,,,,,,,,,,,,,,,,,,,,,,
ES2019_013,O que arde,ES,MAJ,,,,,,,,,,,,,,,,,,,,,,
ES2019_013,O que arde,FR,MIN,,,,,,,,,,,,,,,,,,,,,,
ES2019_013,O que arde,LU,MIN,,,,,,,,,,,,,,,,,,,,,,
ES2019_014,Aute Retrato,ES,MAJ,,,,,,,,,,,,,,,,,,,,,,
ES2019_015,Historias de nuestro cine,ES,MAJ,,,,,,,,,,,,,,,,,,,,,,
ES2019_016,La hija de un ladrón,ES,MAJ,,,,,,,,,,,,,,,,,,,,,,
ES2019_017,El hoyo,ES,MAJ,,,,,,,,,,,,,,,,,,,,,,
ES2021_043,Enero,ES,MAJ,,,,,,,,,,,,,,,,,,,,,,
ES2019_018,El crack cero,ES,MAJ,,,,,,,,,,,,,,,,,,,,,,
ES2019_019,Abuelos,ES,MAJ,,,,,,,,,,,,,,,,,,,,,,
ES2019_020,4 latas,ES,MAJ,,,,,,,,,,,,,,,,,,,,,,
ES2019_021,Vivir dos veces,ES,MAJ,,,,,,,,,,,,,,,,,,,,,,
ES2019_022,El silencio del pantano,ES,MAJ,,,,,,,,,,,,,,,,,,,,,,
ES2019_023,Remember me,ES,MAJ,,,,,,,,,,,,,,,,,,,,,,
ES2019_023,Remember me,US,MIN,,,,,,,,,,,,,,,,,,,,,,
ES2019_023,Remember me,FR,MIN,,,,,,,,,,,,,,,,,,,,,,
ES2019_024,Salir del ropero,ES,MAJ,,,,,,,,,,,,,,,,,,,,,,
ES2019_025,Agur Etxebeste,ES,MAJ,,,,,,,,,,,,,,,,,,,,,,
ES2019_025,Agur Etxebeste,FR,MIN,,,,,,,,,,,,,,,,,,,,,,
IT2020_001,Tolo Tolo,IT,MAJ,,,,,,,,,,,,,,,,,,,,,,
IT2020_002,Me contro Te - Il film: La vendetta del Signor S,IT,MAJ,,,,,,,,,,,,,,,,,,,,,,
IT2020_003,Odio l'estate,IT,MAJ,,,,,,,,,,,,,,,,,,,,,,
IT2020_004,Gli anni più belli,IT,MAJ,,,,,,,,,,,,,,,,,,,,,,
IT2020_005,Hammamet,IT,MAJ,,,,,,,,,,,,,,,,,,,,,,
IT2020_006,Figli,IT,MAJ,,,,,,,,,,,,,,,,,,,,,,
IT2020_007,18 regali,IT,MAJ,,,,,,,,,,,,,,,,,,,,,,
IT2020_008,Padrenostro,IT,MAJ,,,,,,,,,,,,,,,,,,,,,,
IT2020_009,Volevo nascondermi,IT,MAJ,,,,,,,,,,,,,,,,,,,,,,
IT2020_010,Lacci,IT,MAJ,,,,,,,,,,,,,,,,,,,,,,
IT2020_011,Waiting for the Barbarians,IT,MAJ,,,,,,,,,,,,,,,,,,,,,,
IT2020_011,Waiting for the Barbarians,US,MIN,,,,,,,,,,,,,,,,,,,,,,
IT2020_012,Le sorelle Macaluso,IT,MAJ,,,,,,,,,,,,,,,,,,,,,,
IT2020_013,Miss Marx,IT,MAJ,,,,,,,,,,,,,,,,,,,,,,
IT2020_013,Miss Marx,BE,MIN,,,,,,,,,,,,,,,,,,,,,,
IT2020_014,Non odiare,IT,MAJ,,,,,,,,,,,,,,,,,,,,,,
IT2020_014,Non odiare, PL,MIN,,,,,,,,,,,,,,,,,,,,,,
IT2020_015,Lasciami andare,IT,MAJ,,,,,,,,,,,,,,,,,,,,,,
IT2020_016,Lockdown all'italiana,IT,MAJ,,,,,,,,,,,,,,,,,,,,,,
IT2020_017,Burraco fatale,IT,MAJ,,,,,,,,,,,,,,,,,,,,,,
IT2020_018,Favolacce,IT,MAJ,,,,,,,,,,,,,,,,,,,,,,
IT2020_018,Favolacce,CH,MIN,,,,,,,,,,,,,,,,,,,,,,
IT2020_019,"Paolo Conte, via con me",IT,MAJ,,,,,,,,,,,,,,,,,,,,,,
IT2020_020,I predatori,IT,MAJ,,,,,,,,,,,,,,,,,,,,,,
IT2020_021,Mai per sempre,IT,MAJ,,,,,,,,,,,,,,,,,,,,,,
IT2020_022,Il caso Pantani - L'omicidio di un campione,IT,MAJ,,,,,,,,,,,,,,,,,,,,,,
IT2020_023,Villetta con ospiti,IT,MAJ,,,,,,,,,,,,,,,,,,,,,,
IT2020_023,Villetta con ospiti,FR,MIN,,,,,,,,,,,,,,,,,,,,,,
IT2020_024,Lontano lontano,IT,MAJ,,,,,,,,,,,,,,,,,,,,,,
IT2020_024,Lontano lontano,IT,MAJ,,,,,,,,,,,,,,,,,,,,,,
IT2020_025,Creators: The Past,IT,MAJ,,,,,,,,,,,,,,,,,,,,,,
IT2020_026,Il ladro di giorni,IT,MAJ,,,,,,,,,,,,,,,,,,,,,,
IT2020_027,Il grande passo,IT,MAJ,,,,,,,,,,,,,,,,,,,,,,
IT2020_028,Cosa sarà,IT,MAJ,,,,,,,,,,,,,,,,,,,,,,
IT2020_029,Assandira,IT,MAJ,,,,,,,,,,,,,,,,,,,,,,
IT2020_030,Il delitto Mattarella,IT,MAJ,,,,,,,,,,,,,,,,,,,,,,
IT2020_031,Picciridda - Con i piedi nella sabbia,IT,MAJ,,,,,,,,,,,,,,,,,,,,,,
IT2020_032,Ammen,IT,MAJ,,,,,,,,,,,,,,,,,,,,,,
IT2020_033,Gli anni amari,IT,MAJ,,,,,,,,,,,,,,,,,,,,,,
IT2020_034,L'agnello,IT,MAJ,,,,,,,,,,,,,,,,,,,,,,
IT2020_034,L'agnello,FR,MIN,,,,,,,,,,,,,,,,,,,,,,
IT2020_035,Siberia,IT,MAJ,,,,,,,,,,,,,,,,,,,,,,
IT2020_035,Siberia,DE,MIN,,,,,,,,,,,,,,,,,,,,,,
IT2020_035,Siberia,GR,MIN,,,,,,,,,,,,,,,,,,,,,,
IT2020_035,Siberia,MX,MIN,,,,,,,,,,,,,,,,,,,,,,
IT2020_036,Si muore solo da vivi,IT,MAJ,,,,,,,,,,,,,,,,,,,,,,
IT2020_037,Fellini degli spiriti,IT,MAJ,,,,,,,,,,,,,,,,,,,,,,
IT2020_037,Fellini degli spiriti,FR,MIN,,,,,,,,,,,,,,,,,,,,,,
IT2020_037,Fellini degli spiriti,BE,MIN,,,,,,,,,,,,,,,,,,,,,,
IT2020_038,7 ore per farti innamorare,IT,MAJ,,,,,,,,,,,,,,,,,,,,,,
IT2020_039,Palazzo di giustizia,IT,MAJ,,,,,,,,,,,,,,,,,,,,,,
IT2020_039,Palazzo di giustizia,CH,MIN,,,,,,,,,,,,,,,,,,,,,,
IT2020_040,Il Drago di Romagna,IT,MAJ,,,,,,,,,,,,,,,,,,,,,,
IT2020_040,Il Drago di Romagna,CN,MIN,,,,,,,,,,,,,,,,,,,,,,
IT2020_041,Il Ladro di Cardellini,IT,MAJ,,,,,,,,,,,,,,,,,,,,,,
IT2020_042,Sulle mie spalle,IT,MAJ,,,,,,,,,,,,,,,,,,,,,,
IT2020_043,La volta buona,IT,MAJ,,,,,,,,,,,,,,,,,,,,,,
IT2020_044,Permette? Alberto Sordi,IT,MAJ,,,,,,,,,,,,,,,,,,,,,,
IT2020_045,La vacanza,IT,MAJ,,,,,,,,,,,,,,,,,,,,,,
IT2020_046,The Lion Rock,IT,MAJ,,,,,,,,,,,,,,,,,,,,,,
IT2020_047,Buio,IT,MAJ,,,,,,,,,,,,,,,,,,,,,,
IT2020_048,Nevia,IT,MAJ,,,,,,,,,,,,,,,,,,,,,,
IT2020_049,La Verità Su La Dolce Vita,IT,MAJ,,,,,,,,,,,,,,,,,,,,,,
IT2020_050,La partita,IT,MAJ,,,,,,,,,,,,,,,,,,,,,,
IT2020_051,Nour,IT,MAJ,,,,,,,,,,,,,,,,,,,,,,
IT2020_052,La Val che urla,IT,MAJ,,,,,,,,,,,,,,,,,,,,,,
IT2020_053,Caterina,IT,MAJ,,,,,,,,,,,,,,,,,,,,,,
IT2020_054,Magari Resto,IT,MAJ,,,,,,,,,,,,,,,,,,,,,,
IT2020_055,Tony Driver,IT,MAJ,,,,,,,,,,,,,,,,,,,,,,
IT2020_056,Il Regno,IT,MAJ,,,,,,,,,,,,,,,,,,,,,,
IT2020_057,Emilio Vedova. Dalla parte del naufragio,IT,MAJ,,,,,,,,,,,,,,,,,,,,,,
IT2020_058,D.N.A.: Decisamente non adatti,IT,MAJ,,,,,,,,,,,,,,,,,,,,,,
IT2020_059,Nessun nome nei titoli di coda,IT,MAJ,,,,,,,,,,,,,,,,,,,,,,
IT2020_060,Al Dio ignoto,IT,MAJ,,,,,,,,,,,,,,,,,,,,,,
IT2020_061,Una storia d'arte,IT,MAJ,,,,,,,,,,,,,,,,,,,,,,
IT2020_062,Un confine incerto,IT,MAJ,,,,,,,,,,,,,,,,,,,,,,
IT2020_062,Un confine incerto, DE,MIN,,,,,,,,,,,,,,,,,,,,,,
IT2020_063,Un eretico in corsia - a heretic in the ward,IT,MAJ,,,,,,,,,,,,,,,,,,,,,,
IT2020_064,Lui è mio padre,IT,MAJ,,,,,,,,,,,,,,,,,,,,,,
IT2020_065,Noci sonanti,IT,MAJ,,,,,,,,,,,,,,,,,,,,,,
IT2020_066,Aylesbury Estate,IT,MAJ,,,,,,,,,,,,,,,,,,,,,,
IT2020_067,La mia banda suona il pop,IT,MAJ,,,,,,,,,,,,,,,,,,,,,,
IT2020_068,L'incredibile storia dell'Isola delle rose,IT,MAJ,,,,,,,,,,,,,,,,,,,,,,
IT2020_069,La vita davanti a sé,IT,MAJ,,,,,,,,,,,,,,,,,,,,,,
IT2020_070,Last words,IT,MAJ,,,,,,,,,,,,,,,,,,,,,,
IT2020_070,Last words,FR,MIN,,,,,,,,,,,,,,,,,,,,,,
IT2020_071,È per il tuo bene,IT,MAJ,,,,,,,,,,,,,,,,,,,,,,
